record_id,region,signal_strength,latency_ms,downtime_minutes,date,tower_load_percentage
1,Isa Town,1,36,30,2023-12-20,68.48
2,Riffa,2,10,26,2023-12-27,5.02
3,Manama,3,199,33,2022-12-06,55.44
4,Riffa,1,75,39,2025-07-04,47.96
5,Riffa,4,55,18,2020-01-22,3.35
6,Manama,2,31,23,2020-07-19,74.64
7,Isa Town,1,124,22,2025-01-05,55.84
8,Isa Town,2,48,43,2022-08-21,61.08
9,Isa Town,4,77,41,2020-11-08,61.0
10,Riffa,5,64,11,2023-02-01,7.53
11,Manama,1,12,8,2023-06-07,23.24
12,Riffa,5,44,9,2023-10-08,91.93
13,Isa Town,4,24,34,2022-10-14,57.73
14,Muharraq,4,139,11,2021-12-30,61.7
15,Riffa,3,77,12,2022-05-14,25.61
16,Muharraq,1,71,33,2025-05-22,0.42
17,Manama,3,175,54,2022-11-18,47.73
18,Riffa,1,182,23,2020-11-14,21.07
19,Riffa,3,73,10,2021-09-28,47.06
20,Manama,5,65,39,2024-03-17,24.22
21,Isa Town,3,52,52,2022-09-20,14.97
22,Muharraq,2,81,15,2022-02-19,69.87
23,Manama,2,155,22,2024-02-08,79.16
24,Isa Town,3,121,10,2024-09-10,0.65
25,Muharraq,2,105,1,2020-02-08,42.03
26,Riffa,3,93,46,2024-06-13,4.43
27,Riffa,5,53,39,2022-06-28,4.17
28,Muharraq,5,107,11,2023-02-08,73.47
29,Isa Town,2,157,12,2023-11-04,2.33
30,Isa Town,2,171,40,2023-01-27,86.89
31,Isa Town,2,107,1,2024-06-14,6.05
32,Riffa,5,44,52,2021-02-26,41.81
33,Muharraq,1,114,29,2023-03-05,84.92
34,Manama,1,104,12,2021-02-25,63.59
35,Isa Town,1,65,53,2022-07-23,76.7
36,Riffa,4,132,59,2022-11-14,75.71
37,Isa Town,2,198,31,2020-10-05,23.64
38,Isa Town,5,160,34,2024-01-08,0.79
39,Manama,3,73,32,2021-07-26,53.96
40,Manama,2,190,9,2025-07-27,78.28
41,Muharraq,5,109,51,2022-10-22,45.29
42,Riffa,2,175,31,2023-04-23,26.98
43,Riffa,3,39,10,2025-04-29,32.77
44,Isa Town,2,53,9,2020-02-07,54.17
45,Muharraq,3,114,53,2022-03-07,67.66
46,Muharraq,5,154,43,2023-04-16,12.2
47,Manama,4,29,35,2023-03-14,4.44
48,Isa Town,5,161,51,2025-07-19,20.24
49,Riffa,3,29,2,2023-04-09,65.8
50,Muharraq,5,194,9,2025-03-29,14.09
51,Isa Town,2,159,33,2023-03-19,1.47
52,Muharraq,4,139,23,2024-03-19,79.5
53,Manama,1,72,26,2025-07-15,19.07
54,Manama,3,106,38,2022-10-31,65.13
55,Isa Town,2,90,40,2020-04-17,68.66
56,Isa Town,5,86,4,2021-03-11,21.43
57,Muharraq,5,145,34,2025-03-24,58.24
58,Manama,5,141,48,2024-05-31,93.6
59,Manama,5,27,5,2020-01-12,46.04
60,Riffa,5,200,11,2021-09-26,70.4
61,Manama,2,115,32,2020-04-01,50.76
62,Riffa,5,179,32,2022-06-08,26.11
63,Riffa,2,134,8,2020-12-16,84.04
64,Muharraq,4,192,45,2024-03-15,99.36
65,Isa Town,2,153,50,2021-11-25,77.58
66,Manama,5,29,43,2024-04-15,5.48
67,Riffa,2,141,57,2022-07-11,69.84
68,Manama,5,130,36,2024-02-25,32.95
69,Isa Town,5,193,50,2022-03-23,17.66
70,Manama,5,18,4,2024-06-21,84.82
71,Isa Town,3,128,10,2025-02-02,9.15
72,Muharraq,1,41,10,2023-04-15,35.68
73,Isa Town,3,109,0,2021-11-05,5.73
74,Muharraq,1,44,4,2024-02-29,52.78
75,Isa Town,1,88,11,2022-01-29,86.87
76,Isa Town,3,144,34,2024-09-09,9.19
77,Manama,5,91,39,2021-06-02,2.42
78,Muharraq,1,76,7,2023-03-29,34.41
79,Isa Town,2,111,5,2024-09-14,88.82
80,Manama,1,157,22,2021-11-30,9.69
81,Manama,1,27,29,2025-02-13,65.88
82,Muharraq,3,26,14,2023-05-18,86.74
83,Muharraq,2,59,34,2025-07-19,1.8
84,Muharraq,4,18,11,2020-04-02,85.06
85,Manama,5,89,0,2020-08-20,86.56
86,Riffa,4,167,24,2020-09-12,86.53
87,Muharraq,4,19,59,2023-12-17,49.53
88,Isa Town,2,19,40,2022-05-27,36.45
89,Manama,4,198,53,2021-09-27,68.99
90,Riffa,2,71,13,2023-01-30,2.72
91,Isa Town,2,117,8,2022-10-08,97.41
92,Manama,3,157,17,2023-03-19,93.84
93,Isa Town,2,19,56,2023-02-02,66.55
94,Riffa,1,62,14,2025-08-04,12.56
95,Isa Town,4,61,3,2024-12-27,83.49
96,Muharraq,3,10,30,2022-08-19,9.34
97,Muharraq,3,155,40,2023-07-27,41.49
98,Muharraq,2,154,3,2021-11-21,79.54
99,Muharraq,5,102,30,2022-05-13,20.06
100,Manama,5,91,55,2024-04-16,1.94
101,Manama,1,151,19,2020-11-12,39.18
102,Isa Town,4,102,2,2020-10-14,71.34
103,Isa Town,5,71,41,2021-01-11,26.8
104,Riffa,1,14,14,2024-11-29,25.57
105,Riffa,3,140,45,2025-09-29,72.63
106,Riffa,4,200,18,2025-06-20,16.13
107,Manama,5,37,48,2025-06-28,91.49
108,Manama,2,64,10,2020-01-07,9.49
109,Riffa,1,163,33,2024-08-28,93.13
110,Manama,4,200,1,2025-01-18,11.21
111,Isa Town,3,18,29,2022-12-03,12.0
112,Muharraq,4,128,30,2025-05-23,35.43
113,Manama,3,112,6,2023-05-01,64.75
114,Muharraq,5,170,60,2022-05-31,99.16
115,Isa Town,3,118,34,2025-05-31,55.81
116,Isa Town,2,12,9,2020-01-11,25.71
117,Isa Town,1,17,53,2021-12-07,38.35
118,Riffa,2,82,31,2023-03-16,75.21
119,Manama,3,84,50,2021-03-19,72.26
120,Isa Town,1,185,58,2024-12-13,93.56
121,Riffa,3,65,4,2022-07-10,36.33
122,Riffa,3,13,35,2020-06-07,4.97
123,Manama,4,194,37,2022-12-23,30.5
124,Muharraq,3,118,58,2022-03-01,13.52
125,Isa Town,2,161,16,2021-09-23,41.28
126,Manama,1,166,1,2024-10-22,52.07
127,Muharraq,3,92,3,2025-06-26,52.15
128,Riffa,4,180,19,2023-10-05,4.12
129,Muharraq,4,11,28,2022-07-07,11.23
130,Manama,4,13,10,2021-06-22,36.3
131,Riffa,3,61,42,2025-08-07,8.03
132,Riffa,1,125,26,2021-08-02,99.4
133,Manama,5,98,19,2020-08-03,49.18
134,Riffa,1,34,24,2022-02-07,97.75
135,Isa Town,5,19,22,2024-09-02,26.82
136,Muharraq,5,39,28,2021-08-06,61.36
137,Muharraq,5,200,25,2025-04-05,63.06
138,Manama,1,149,10,2024-12-22,42.33
139,Riffa,4,37,8,2020-07-08,78.14
140,Isa Town,3,108,17,2023-06-24,83.67
141,Isa Town,4,76,29,2024-09-20,81.66
142,Isa Town,2,94,57,2020-05-28,55.51
143,Riffa,1,200,43,2020-08-29,64.88
144,Riffa,2,156,37,2024-10-20,15.52
145,Isa Town,1,158,37,2021-06-14,51.46
146,Manama,1,46,33,2022-12-05,62.86
147,Manama,3,71,33,2021-04-20,32.23
148,Riffa,2,12,15,2021-07-30,93.88
149,Isa Town,3,154,7,2024-07-25,76.26
150,Manama,5,145,2,2022-12-19,18.57
151,Muharraq,5,20,54,2022-11-18,19.48
152,Isa Town,4,66,56,2020-02-16,73.4
153,Muharraq,1,68,35,2024-06-26,28.95
154,Manama,4,173,30,2023-12-12,79.17
155,Muharraq,1,158,55,2025-07-02,12.3
156,Manama,3,13,54,2024-03-01,88.12
157,Isa Town,1,164,22,2024-02-15,29.32
158,Riffa,3,190,17,2020-03-17,84.97
159,Manama,3,73,32,2023-11-13,79.85
160,Isa Town,2,151,41,2022-08-06,24.57
161,Riffa,3,115,31,2023-08-12,60.83
162,Isa Town,5,51,36,2023-03-17,18.01
163,Isa Town,2,52,45,2024-01-18,21.84
164,Riffa,2,135,48,2020-05-13,19.07
165,Manama,5,180,2,2022-10-11,40.91
166,Riffa,1,77,4,2021-12-26,30.82
167,Manama,4,111,33,2025-07-18,85.59
168,Muharraq,5,139,28,2023-04-10,81.07
169,Manama,4,18,59,2023-01-05,81.03
170,Manama,5,36,30,2020-01-24,16.01
171,Riffa,2,70,27,2022-01-16,44.14
172,Muharraq,4,73,34,2020-05-20,6.74
173,Manama,5,77,12,2022-06-11,7.51
174,Riffa,4,193,7,2023-09-21,74.96
175,Muharraq,4,41,4,2020-12-03,74.04
176,Riffa,4,107,59,2021-06-13,2.52
177,Muharraq,3,128,34,2024-02-04,88.58
178,Muharraq,3,89,7,2022-05-21,82.48
179,Riffa,3,116,55,2022-08-06,45.21
180,Muharraq,1,176,6,2023-05-16,51.19
181,Riffa,5,55,25,2023-06-04,23.14
182,Manama,1,149,55,2025-07-03,52.27
183,Riffa,2,150,12,2020-05-20,12.46
184,Riffa,4,139,47,2020-11-19,40.46
185,Isa Town,1,142,33,2020-05-26,89.0
186,Riffa,1,140,43,2025-04-12,3.77
187,Muharraq,3,82,60,2023-06-03,80.64
188,Muharraq,5,144,50,2021-06-13,43.22
189,Isa Town,2,77,44,2023-03-18,3.4
190,Isa Town,2,121,53,2021-09-18,7.82
191,Muharraq,1,142,5,2021-08-13,45.14
192,Muharraq,2,160,47,2021-09-17,52.01
193,Manama,3,96,0,2025-07-12,22.92
194,Muharraq,3,155,7,2025-07-26,8.09
195,Riffa,4,115,16,2024-12-08,18.49
196,Isa Town,2,153,44,2023-06-18,55.5
197,Manama,2,69,59,2024-01-15,64.9
198,Muharraq,4,188,49,2024-09-30,10.33
199,Manama,3,98,57,2021-10-06,65.92
200,Muharraq,3,186,32,2024-07-19,24.91
201,Muharraq,1,61,25,2024-02-21,6.35
202,Manama,2,72,32,2022-08-23,7.27
203,Isa Town,5,126,25,2020-02-11,15.45
204,Isa Town,3,163,0,2024-01-06,15.99
205,Riffa,5,140,4,2020-01-12,33.85
206,Manama,2,160,5,2023-07-20,48.08
207,Manama,2,145,32,2025-09-10,24.33
208,Muharraq,5,175,34,2022-10-18,90.57
209,Muharraq,1,152,57,2021-04-27,96.55
210,Muharraq,4,175,33,2020-10-26,27.39
211,Riffa,2,161,20,2022-01-31,82.75
212,Isa Town,5,142,46,2021-04-06,24.3
213,Muharraq,1,122,10,2025-05-18,30.05
214,Isa Town,1,183,5,2022-11-24,43.18
215,Muharraq,2,23,52,2023-04-22,49.83
216,Manama,1,183,36,2022-05-18,38.57
217,Manama,1,80,45,2020-08-28,84.88
218,Manama,3,85,28,2020-11-22,99.19
219,Muharraq,1,153,12,2023-07-28,12.82
220,Isa Town,3,138,21,2023-06-05,18.58
221,Isa Town,5,175,35,2023-08-15,70.26
222,Isa Town,2,43,51,2023-11-05,45.92
223,Isa Town,1,190,26,2021-08-07,61.12
224,Riffa,1,190,15,2023-06-20,55.73
225,Manama,4,102,49,2024-01-14,29.18
226,Isa Town,5,150,16,2025-06-25,21.93
227,Isa Town,4,191,15,2025-09-29,24.66
228,Riffa,4,31,57,2024-04-24,27.24
229,Muharraq,3,133,28,2024-02-05,71.45
230,Riffa,5,45,44,2025-03-08,27.66
231,Riffa,5,69,26,2020-08-17,53.57
232,Muharraq,4,84,19,2024-08-08,87.62
233,Muharraq,2,168,56,2023-03-18,3.75
234,Muharraq,3,78,20,2020-01-14,18.24
235,Isa Town,4,173,3,2021-04-27,12.05
236,Isa Town,5,54,39,2022-10-31,78.95
237,Manama,4,37,46,2020-01-11,96.25
238,Isa Town,4,63,48,2021-05-17,58.91
239,Manama,2,140,52,2020-04-06,30.4
240,Isa Town,3,33,40,2021-05-02,43.7
241,Manama,5,197,24,2022-09-17,31.9
242,Manama,1,144,26,2020-11-11,61.47
243,Isa Town,1,136,54,2024-04-10,20.7
244,Muharraq,1,70,8,2025-04-17,30.4
245,Muharraq,4,103,37,2022-06-22,18.16
246,Manama,1,113,23,2023-10-24,36.44
247,Riffa,4,87,33,2023-03-20,21.22
248,Muharraq,5,28,0,2025-09-01,49.54
249,Manama,3,110,3,2022-11-14,99.07
250,Isa Town,2,143,45,2025-04-27,76.31
251,Riffa,1,23,36,2023-06-11,0.66
252,Manama,4,107,52,2020-12-27,40.8
253,Manama,3,59,5,2023-09-30,37.85
254,Manama,2,85,18,2023-03-09,37.66
255,Isa Town,5,33,32,2020-09-19,29.34
256,Muharraq,4,168,28,2022-10-16,45.82
257,Riffa,3,110,50,2020-02-21,38.45
258,Muharraq,3,56,26,2020-03-07,37.27
259,Muharraq,5,149,10,2025-05-10,31.03
260,Isa Town,5,112,24,2020-06-04,54.67
261,Manama,5,129,48,2022-09-21,51.75
262,Manama,3,37,18,2025-06-09,1.97
263,Isa Town,2,88,33,2023-10-14,26.01
264,Manama,2,200,24,2021-01-10,90.78
265,Muharraq,4,166,3,2021-05-26,15.82
266,Muharraq,1,163,41,2022-06-23,29.43
267,Manama,2,31,50,2021-09-04,27.47
268,Riffa,3,122,38,2025-03-12,59.66
269,Manama,4,57,21,2023-05-31,38.74
270,Isa Town,2,73,3,2023-03-31,64.06
271,Isa Town,3,124,55,2024-06-24,97.52
272,Isa Town,1,175,43,2023-02-24,10.92
273,Manama,3,35,15,2023-05-24,48.57
274,Isa Town,4,134,38,2023-01-27,80.45
275,Muharraq,2,194,60,2021-02-15,27.13
276,Isa Town,4,65,29,2020-09-04,58.94
277,Isa Town,3,94,49,2023-11-03,58.26
278,Manama,2,17,53,2025-02-22,30.57
279,Riffa,1,51,34,2025-04-24,88.34
280,Riffa,3,62,35,2024-06-29,13.82
281,Isa Town,4,156,17,2021-01-11,23.55
282,Isa Town,4,134,17,2024-08-23,52.09
283,Isa Town,5,12,33,2024-01-27,51.82
284,Muharraq,5,30,19,2021-01-14,53.92
285,Muharraq,3,159,2,2025-04-20,28.53
286,Manama,3,84,16,2023-12-20,27.88
287,Isa Town,1,125,8,2023-01-30,30.02
288,Riffa,2,132,35,2023-07-03,6.37
289,Riffa,3,127,52,2025-07-10,16.31
290,Isa Town,3,24,29,2022-09-13,98.01
291,Muharraq,5,41,59,2022-02-23,38.18
292,Manama,2,124,34,2021-06-07,98.16
293,Manama,2,90,26,2024-06-13,94.96
294,Manama,1,153,41,2025-07-02,37.21
295,Isa Town,4,127,0,2023-12-30,35.82
296,Manama,2,157,41,2025-09-19,62.41
297,Muharraq,3,110,60,2023-11-04,83.75
298,Isa Town,3,183,51,2023-05-10,81.45
299,Manama,4,133,4,2024-05-30,40.33
300,Isa Town,4,197,28,2024-06-26,41.12
301,Isa Town,2,67,48,2024-10-11,39.23
302,Manama,2,12,60,2021-09-06,14.24
303,Isa Town,2,87,43,2025-03-25,51.57
304,Riffa,1,166,16,2023-06-04,39.65
305,Riffa,5,134,28,2020-04-04,77.77
306,Muharraq,4,86,17,2022-02-10,81.71
307,Riffa,3,36,8,2020-12-04,65.28
308,Isa Town,2,22,57,2024-08-07,65.21
309,Manama,2,145,39,2022-02-14,89.67
310,Muharraq,5,12,58,2020-03-14,78.99
311,Muharraq,1,100,15,2023-04-12,32.13
312,Riffa,3,112,33,2023-08-17,61.9
313,Manama,1,30,38,2021-06-10,87.66
314,Muharraq,1,90,8,2022-07-22,1.46
315,Riffa,1,90,40,2023-11-18,32.71
316,Riffa,2,128,27,2024-05-26,41.72
317,Manama,2,132,28,2024-11-07,74.28
318,Muharraq,2,67,15,2022-10-18,43.59
319,Riffa,2,15,5,2024-09-09,26.78
320,Riffa,4,110,24,2020-09-17,41.42
321,Muharraq,5,193,49,2023-02-04,5.3
322,Isa Town,3,26,0,2021-10-26,7.78
323,Riffa,1,172,41,2024-02-21,88.77
324,Muharraq,4,104,52,2021-03-12,21.2
325,Isa Town,3,189,57,2023-01-29,28.14
326,Manama,2,178,51,2020-07-10,22.04
327,Riffa,4,126,43,2021-06-23,43.56
328,Riffa,1,29,55,2025-02-13,94.34
329,Muharraq,5,164,7,2022-07-21,67.96
330,Riffa,2,96,56,2025-06-13,26.21
331,Muharraq,3,171,45,2023-08-28,12.54
332,Isa Town,1,137,44,2024-05-07,8.47
333,Muharraq,5,82,45,2023-11-13,79.51
334,Manama,2,199,48,2022-03-10,77.46
335,Isa Town,3,168,5,2024-04-11,86.94
336,Riffa,1,105,44,2024-07-22,88.47
337,Muharraq,3,23,48,2022-12-10,67.16
338,Riffa,3,116,45,2022-12-27,7.81
339,Manama,4,167,1,2025-08-18,62.73
340,Isa Town,1,34,39,2022-12-19,77.13
341,Isa Town,2,173,28,2021-04-28,32.82
342,Manama,2,40,20,2024-07-20,27.29
343,Riffa,2,162,50,2022-02-16,27.15
344,Muharraq,5,14,44,2022-09-22,25.42
345,Manama,1,159,10,2021-10-16,10.75
346,Riffa,1,130,35,2024-03-22,24.29
347,Riffa,2,158,1,2020-04-27,23.99
348,Riffa,2,57,47,2025-04-18,15.91
349,Isa Town,2,16,57,2022-10-24,68.14
350,Riffa,3,195,24,2021-04-03,88.81
351,Riffa,5,137,23,2023-04-09,79.67
352,Isa Town,5,187,14,2021-12-13,59.43
353,Riffa,2,28,1,2024-12-01,68.2
354,Manama,5,139,32,2023-01-03,76.19
355,Isa Town,5,57,50,2024-07-02,94.02
356,Manama,5,97,30,2021-07-13,72.6
357,Muharraq,5,124,33,2021-09-08,1.21
358,Manama,5,164,35,2023-09-04,81.36
359,Riffa,4,172,44,2020-02-25,83.26
360,Riffa,3,117,10,2025-09-10,31.94
361,Isa Town,4,10,57,2021-10-11,91.22
362,Isa Town,1,146,51,2025-06-07,50.76
363,Riffa,5,125,52,2022-10-16,5.35
364,Manama,2,18,31,2022-11-26,88.61
365,Muharraq,1,74,25,2024-12-23,91.12
366,Isa Town,3,63,37,2020-03-05,63.28
367,Riffa,5,74,30,2024-03-17,19.01
368,Muharraq,1,48,19,2025-05-08,79.44
369,Riffa,1,184,30,2022-01-01,63.55
370,Isa Town,1,148,41,2025-04-23,74.9
371,Manama,1,27,11,2020-06-28,75.73
372,Isa Town,4,56,39,2025-07-09,7.2
373,Isa Town,5,171,16,2021-01-24,89.32
374,Manama,4,116,42,2023-07-29,27.46
375,Manama,1,135,44,2024-11-15,21.99
376,Muharraq,4,97,26,2023-02-13,13.52
377,Manama,5,73,6,2021-08-21,1.14
378,Manama,1,198,24,2020-09-05,63.55
379,Muharraq,2,33,21,2021-05-06,98.92
380,Manama,1,136,18,2020-08-03,80.73
381,Isa Town,4,192,44,2022-04-12,21.08
382,Manama,5,106,1,2022-07-11,14.84
383,Muharraq,1,111,31,2021-03-11,21.23
384,Riffa,4,199,16,2022-05-22,47.42
385,Manama,4,22,50,2023-05-07,6.13
386,Isa Town,2,135,58,2023-11-08,52.84
387,Muharraq,1,75,7,2024-08-15,11.79
388,Manama,4,51,51,2025-03-04,2.54
389,Riffa,4,168,51,2024-07-14,72.0
390,Manama,1,126,3,2022-12-07,76.74
391,Riffa,4,173,55,2023-08-24,74.02
392,Riffa,4,103,28,2025-01-15,2.13
393,Muharraq,2,112,40,2023-12-03,87.07
394,Riffa,5,196,58,2022-05-18,76.82
395,Manama,1,159,48,2025-04-04,71.61
396,Muharraq,4,145,18,2024-08-04,71.62
397,Isa Town,3,51,13,2020-05-13,53.8
398,Riffa,3,64,12,2022-04-01,87.7
399,Manama,3,166,52,2024-08-18,17.41
400,Isa Town,1,10,1,2021-04-23,39.26
401,Isa Town,3,96,16,2023-10-19,34.72
402,Isa Town,3,192,5,2023-08-11,21.08
403,Muharraq,3,30,6,2024-01-03,85.38
404,Muharraq,2,23,12,2022-12-20,50.7
405,Manama,4,54,24,2021-11-30,68.52
406,Manama,5,23,50,2022-03-13,55.34
407,Manama,5,186,32,2023-08-26,88.05
408,Manama,1,52,49,2023-02-15,50.21
409,Riffa,3,189,56,2021-12-20,6.01
410,Riffa,4,133,8,2020-10-15,9.99
411,Isa Town,1,189,25,2024-05-23,10.57
412,Manama,4,116,57,2023-08-25,97.42
413,Riffa,2,31,21,2021-04-17,93.21
414,Isa Town,2,177,28,2020-12-21,7.27
415,Isa Town,1,111,34,2023-06-29,52.6
416,Isa Town,3,117,47,2022-08-12,10.08
417,Isa Town,2,99,55,2025-02-28,83.99
418,Isa Town,5,155,21,2021-08-17,63.58
419,Riffa,2,97,11,2022-09-13,45.94
420,Isa Town,5,159,53,2024-11-04,64.01
421,Isa Town,4,66,43,2024-11-13,37.39
422,Isa Town,4,18,14,2021-05-15,97.42
423,Muharraq,4,199,53,2020-04-03,9.98
424,Manama,5,100,45,2025-07-01,96.62
425,Isa Town,1,99,41,2020-10-30,62.1
426,Isa Town,2,46,14,2020-06-29,65.05
427,Isa Town,4,48,21,2025-01-10,41.86
428,Manama,3,173,41,2025-03-05,97.67
429,Riffa,2,68,51,2024-04-18,77.36
430,Manama,4,42,59,2024-12-05,68.35
431,Manama,4,57,35,2024-04-29,8.71
432,Isa Town,4,23,42,2021-08-22,2.67
433,Manama,3,31,40,2024-06-09,21.55
434,Muharraq,3,155,13,2023-06-19,24.97
435,Isa Town,5,25,44,2024-06-10,49.88
436,Muharraq,3,134,9,2022-07-04,90.21
437,Riffa,1,190,27,2023-12-11,38.76
438,Manama,5,135,47,2022-06-20,24.14
439,Isa Town,3,137,19,2021-02-09,60.27
440,Muharraq,2,110,33,2022-01-04,72.94
441,Isa Town,1,164,46,2025-06-06,17.22
442,Riffa,1,117,43,2021-06-08,56.02
443,Manama,5,89,22,2022-04-02,52.62
444,Muharraq,4,45,28,2024-01-21,90.58
445,Muharraq,1,57,21,2024-06-07,9.62
446,Isa Town,4,113,14,2022-04-06,0.7
447,Manama,5,123,55,2022-02-22,26.12
448,Isa Town,4,97,45,2021-07-19,84.98
449,Muharraq,3,112,54,2025-03-12,40.11
450,Riffa,1,115,37,2021-07-06,6.65
451,Riffa,1,128,6,2022-02-08,37.16
452,Muharraq,5,86,20,2022-03-20,64.24
453,Manama,3,11,40,2020-03-12,35.44
454,Isa Town,3,184,21,2024-06-23,95.5
455,Isa Town,4,117,19,2024-07-19,45.96
456,Riffa,1,67,34,2025-09-01,24.97
457,Muharraq,4,121,2,2024-03-19,53.58
458,Muharraq,2,99,38,2022-06-08,54.07
459,Muharraq,3,102,8,2022-06-10,82.61
460,Manama,4,13,42,2021-08-10,88.0
461,Muharraq,3,37,31,2023-08-10,70.02
462,Riffa,3,114,6,2022-03-25,9.87
463,Manama,1,177,6,2022-06-29,67.36
464,Isa Town,2,155,41,2025-08-13,68.05
465,Manama,2,157,32,2025-07-19,23.53
466,Riffa,5,74,18,2024-10-06,98.32
467,Manama,1,44,29,2024-01-15,7.35
468,Isa Town,4,188,6,2022-09-26,38.52
469,Riffa,2,164,0,2025-01-09,9.61
470,Isa Town,3,79,31,2024-11-05,91.01
471,Riffa,1,144,0,2025-08-03,19.23
472,Muharraq,2,154,40,2020-05-18,86.22
473,Riffa,1,164,39,2023-04-23,32.58
474,Riffa,1,49,44,2024-10-21,24.51
475,Isa Town,3,92,8,2023-07-16,64.0
476,Isa Town,2,144,0,2021-06-07,23.8
477,Isa Town,3,117,11,2023-07-10,4.37
478,Manama,5,12,23,2024-12-05,54.37
479,Manama,5,151,32,2020-02-11,0.69
480,Muharraq,1,10,21,2021-08-29,45.61
481,Muharraq,5,111,55,2024-06-15,73.62
482,Muharraq,2,23,58,2021-08-15,1.01
483,Manama,1,148,4,2023-08-10,57.11
484,Muharraq,2,62,55,2025-01-08,46.74
485,Isa Town,2,38,23,2022-04-16,6.91
486,Manama,5,153,3,2023-10-15,0.26
487,Muharraq,4,197,8,2025-04-09,66.32
488,Riffa,2,179,35,2023-06-24,21.67
489,Muharraq,3,159,10,2023-04-28,20.02
490,Isa Town,3,167,20,2022-12-26,60.9
491,Manama,5,46,49,2021-12-14,94.01
492,Riffa,3,144,32,2022-12-18,45.55
493,Muharraq,5,176,14,2022-03-26,40.0
494,Muharraq,5,165,6,2023-09-12,8.16
495,Manama,3,92,58,2024-09-20,48.82
496,Muharraq,1,188,40,2021-04-09,58.7
497,Manama,3,194,37,2025-02-11,66.92
498,Manama,5,86,4,2023-08-24,46.8
499,Riffa,2,176,2,2021-08-04,46.42
500,Manama,3,94,54,2022-03-28,92.21
501,Manama,1,153,60,2025-03-28,95.84
502,Isa Town,2,141,17,2022-11-13,78.32
503,Riffa,5,199,30,2022-04-20,58.69
504,Manama,1,157,55,2021-06-25,42.09
505,Isa Town,3,198,34,2020-03-09,98.01
506,Isa Town,2,15,53,2020-06-22,55.74
507,Manama,3,126,51,2020-03-05,8.03
508,Isa Town,3,63,48,2025-08-05,66.44
509,Riffa,4,92,43,2021-04-01,65.76
510,Muharraq,3,98,52,2023-03-06,87.32
511,Isa Town,5,16,44,2024-08-27,26.85
512,Manama,1,36,21,2025-07-22,56.21
513,Muharraq,2,107,54,2021-04-18,27.32
514,Muharraq,3,168,41,2022-06-05,78.47
515,Manama,1,44,58,2022-12-07,11.61
516,Manama,4,176,28,2021-03-07,30.83
517,Riffa,4,22,39,2023-01-22,80.88
518,Isa Town,4,50,53,2022-06-11,53.27
519,Isa Town,3,127,24,2022-01-24,95.26
520,Manama,5,64,21,2023-09-27,13.2
521,Manama,5,34,54,2025-09-26,5.68
522,Isa Town,2,78,41,2023-11-30,30.74
523,Manama,5,13,52,2022-03-31,88.94
524,Muharraq,1,183,9,2021-05-02,19.48
525,Riffa,5,132,56,2022-12-05,45.67
526,Muharraq,4,152,49,2025-07-20,75.09
527,Isa Town,4,98,28,2023-01-23,72.77
528,Riffa,2,94,32,2023-07-09,55.74
529,Isa Town,5,102,1,2023-08-17,76.22
530,Riffa,5,132,33,2021-06-05,65.78
531,Riffa,5,131,7,2021-11-27,4.5
532,Manama,2,97,22,2022-03-22,40.52
533,Riffa,3,73,15,2022-06-06,44.47
534,Riffa,2,159,16,2025-05-28,62.67
535,Riffa,3,126,0,2022-06-09,81.83
536,Riffa,3,19,21,2025-09-01,74.52
537,Muharraq,2,133,2,2023-08-20,60.34
538,Riffa,1,26,33,2020-11-20,59.05
539,Manama,2,146,41,2023-10-01,85.55
540,Riffa,5,99,20,2024-10-17,27.94
541,Muharraq,5,144,60,2020-11-16,66.52
542,Muharraq,2,83,4,2025-03-28,66.77
543,Isa Town,4,194,5,2020-09-08,51.98
544,Manama,4,123,44,2023-12-02,29.45
545,Muharraq,4,23,53,2022-03-31,54.55
546,Manama,5,143,21,2025-02-18,15.53
547,Manama,3,67,43,2023-07-15,57.34
548,Riffa,4,74,38,2021-09-30,96.93
549,Riffa,4,109,44,2024-05-24,53.32
550,Muharraq,5,116,5,2023-04-29,63.19
551,Manama,5,180,30,2023-11-28,38.31
552,Riffa,5,182,3,2024-08-03,29.29
553,Manama,5,116,40,2022-09-15,16.26
554,Manama,4,154,47,2020-04-22,64.02
555,Manama,3,59,42,2020-07-20,13.42
556,Isa Town,1,104,20,2024-03-02,29.92
557,Muharraq,5,87,59,2022-11-09,62.12
558,Isa Town,4,156,20,2023-03-09,56.53
559,Manama,2,116,33,2020-10-08,22.71
560,Isa Town,5,71,28,2021-10-13,10.92
561,Muharraq,3,158,58,2022-08-11,10.91
562,Muharraq,3,93,37,2021-06-19,20.18
563,Riffa,5,24,47,2021-07-16,28.9
564,Riffa,4,29,58,2020-11-11,76.59
565,Muharraq,4,79,49,2021-10-07,33.29
566,Riffa,5,42,32,2023-07-02,20.12
567,Isa Town,1,49,13,2020-11-05,46.47
568,Manama,2,144,47,2020-08-18,4.45
569,Isa Town,1,171,54,2024-02-14,38.79
570,Riffa,3,63,13,2022-05-19,67.97
571,Manama,2,176,56,2023-03-12,97.05
572,Muharraq,2,195,23,2023-05-21,27.77
573,Isa Town,2,161,51,2024-08-27,66.4
574,Isa Town,1,53,21,2021-04-13,9.46
575,Manama,3,183,40,2021-12-08,94.71
576,Manama,4,43,41,2021-09-07,66.85
577,Riffa,1,77,46,2025-08-09,31.2
578,Riffa,2,109,3,2025-05-22,88.36
579,Muharraq,2,95,18,2025-07-28,47.06
580,Muharraq,3,19,57,2022-09-19,92.76
581,Riffa,2,21,48,2023-06-14,89.49
582,Manama,2,166,1,2020-01-14,26.63
583,Muharraq,4,103,54,2025-05-25,16.51
584,Riffa,1,139,31,2020-04-21,75.2
585,Isa Town,5,180,14,2021-11-11,33.45
586,Riffa,4,71,32,2023-02-25,59.01
587,Manama,5,49,35,2022-03-20,88.3
588,Isa Town,3,145,50,2023-04-25,57.98
589,Manama,1,98,45,2023-01-22,48.83
590,Muharraq,2,144,0,2023-12-02,62.37
591,Muharraq,4,171,24,2020-01-04,57.8
592,Riffa,1,87,16,2023-11-17,88.45
593,Riffa,1,36,29,2022-09-04,1.55
594,Isa Town,4,98,50,2022-10-01,51.58
595,Manama,4,92,34,2023-05-18,86.75
596,Isa Town,2,51,12,2021-06-09,28.95
597,Manama,3,71,1,2020-07-09,39.93
598,Manama,5,36,55,2020-04-25,82.66
599,Isa Town,1,199,54,2022-02-04,38.18
600,Muharraq,3,161,5,2025-09-17,79.7
601,Manama,3,193,9,2020-06-02,97.59
602,Muharraq,5,111,6,2021-02-19,81.57
603,Muharraq,2,151,26,2021-01-09,26.96
604,Muharraq,3,94,19,2021-02-27,14.56
605,Muharraq,2,83,15,2020-03-10,14.87
606,Muharraq,1,13,1,2020-10-26,19.07
607,Isa Town,5,164,10,2024-08-18,65.93
608,Muharraq,3,179,15,2022-10-31,6.14
609,Isa Town,5,34,45,2021-12-25,33.57
610,Muharraq,5,92,24,2020-12-28,63.62
611,Isa Town,4,57,37,2022-05-22,89.43
612,Riffa,4,198,31,2023-03-13,28.59
613,Isa Town,4,158,59,2023-02-01,21.55
614,Manama,3,10,35,2021-08-10,0.03
615,Isa Town,1,162,3,2023-05-03,24.6
616,Muharraq,4,24,8,2024-02-16,94.84
617,Manama,3,118,30,2021-05-24,42.14
618,Isa Town,2,119,11,2024-12-30,14.56
619,Riffa,5,181,34,2024-11-12,47.07
620,Isa Town,4,60,34,2021-07-20,69.12
621,Muharraq,5,49,4,2022-05-17,43.22
622,Muharraq,2,57,10,2024-07-04,85.41
623,Muharraq,5,194,50,2020-09-13,19.68
624,Riffa,2,194,10,2021-11-06,33.79
625,Manama,4,47,31,2020-03-26,77.14
626,Riffa,1,194,43,2020-10-24,99.87
627,Riffa,1,53,19,2022-11-17,92.44
628,Muharraq,5,49,16,2023-02-22,38.79
629,Manama,5,180,52,2025-06-27,56.73
630,Muharraq,3,18,17,2023-07-13,90.89
631,Muharraq,2,174,29,2022-05-14,11.29
632,Muharraq,3,151,52,2021-12-28,20.72
633,Isa Town,5,174,60,2024-12-14,36.52
634,Manama,5,15,21,2022-01-22,76.24
635,Riffa,3,153,30,2023-01-27,57.04
636,Manama,5,189,11,2022-12-09,80.86
637,Isa Town,2,67,11,2021-08-16,1.4
638,Isa Town,1,153,26,2020-08-05,55.76
639,Riffa,5,86,25,2023-11-18,28.51
640,Riffa,2,200,39,2020-10-31,26.89
641,Muharraq,3,175,24,2023-02-01,4.13
642,Isa Town,5,44,42,2021-03-09,45.81
643,Manama,2,95,52,2021-02-08,67.75
644,Riffa,3,170,6,2020-12-09,74.6
645,Manama,3,100,47,2023-06-29,17.79
646,Riffa,1,46,27,2025-08-11,40.82
647,Isa Town,5,16,50,2025-07-04,93.36
648,Riffa,1,199,20,2024-11-01,40.23
649,Isa Town,1,73,12,2023-08-11,82.15
650,Muharraq,3,93,48,2021-09-09,97.84
651,Muharraq,1,120,20,2022-04-20,85.03
652,Muharraq,2,114,40,2020-07-27,29.49
653,Muharraq,3,25,44,2025-08-30,90.57
654,Muharraq,4,28,22,2021-04-09,88.96
655,Riffa,2,40,2,2025-03-06,6.5
656,Isa Town,5,73,41,2020-04-03,61.91
657,Riffa,2,196,60,2020-08-30,74.74
658,Muharraq,2,103,10,2023-06-02,27.56
659,Isa Town,3,122,35,2023-12-11,6.17
660,Isa Town,4,84,18,2021-05-22,50.63
661,Muharraq,1,129,42,2020-04-02,46.02
662,Manama,1,197,4,2020-04-23,10.91
663,Riffa,3,144,49,2020-01-29,37.19
664,Riffa,2,36,7,2024-05-01,48.24
665,Manama,1,81,16,2024-12-19,6.96
666,Manama,1,122,10,2021-08-20,68.77
667,Riffa,5,54,1,2022-05-29,56.84
668,Muharraq,1,192,26,2022-06-17,5.66
669,Riffa,1,43,4,2020-07-02,45.84
670,Riffa,2,29,1,2022-12-17,37.05
671,Manama,2,32,23,2024-06-10,51.36
672,Riffa,1,109,26,2020-02-17,77.08
673,Isa Town,3,175,7,2022-04-10,11.6
674,Muharraq,3,28,21,2023-06-06,2.1
675,Riffa,1,78,46,2021-02-12,93.13
676,Isa Town,1,185,9,2020-07-21,34.28
677,Muharraq,5,109,7,2020-11-21,96.46
678,Manama,1,30,58,2023-09-11,17.42
679,Isa Town,1,75,13,2023-02-22,61.63
680,Riffa,1,19,25,2020-11-22,64.72
681,Isa Town,3,12,40,2022-03-02,95.38
682,Isa Town,2,91,22,2021-10-31,12.15
683,Manama,4,61,31,2020-08-19,18.69
684,Manama,4,47,20,2020-04-08,54.57
685,Riffa,3,195,47,2021-07-03,30.06
686,Manama,5,142,27,2020-04-17,73.97
687,Isa Town,5,42,20,2021-12-16,81.26
688,Isa Town,1,35,43,2020-02-16,92.28
689,Muharraq,1,161,6,2022-04-15,77.26
690,Manama,5,166,43,2024-04-18,11.43
691,Isa Town,1,160,8,2025-08-18,70.08
692,Muharraq,5,143,28,2022-08-08,73.3
693,Riffa,5,75,39,2021-04-11,80.05
694,Riffa,2,86,45,2022-10-24,82.08
695,Muharraq,4,119,16,2025-06-26,17.37
696,Muharraq,5,191,27,2025-04-26,59.52
697,Isa Town,4,81,35,2020-07-13,87.87
698,Manama,3,27,60,2021-06-15,56.55
699,Muharraq,4,47,52,2022-04-22,18.9
700,Isa Town,4,130,31,2025-04-02,51.67
701,Isa Town,4,127,32,2020-07-26,1.16
702,Manama,5,186,57,2021-02-22,25.14
703,Manama,5,166,50,2021-11-24,63.31
704,Manama,2,58,47,2020-10-28,99.34
705,Isa Town,5,55,3,2024-10-11,18.03
706,Muharraq,4,108,5,2023-04-18,64.29
707,Manama,1,124,52,2021-04-14,58.96
708,Riffa,1,183,8,2023-03-30,64.44
709,Isa Town,1,184,35,2023-07-24,95.11
710,Isa Town,1,32,54,2020-03-02,55.47
711,Manama,2,169,1,2024-10-30,18.05
712,Isa Town,4,133,13,2023-07-04,2.06
713,Isa Town,2,62,13,2024-12-16,59.55
714,Riffa,1,110,25,2023-06-10,64.28
715,Isa Town,4,12,50,2022-11-23,35.42
716,Manama,1,96,53,2020-05-31,67.88
717,Manama,5,65,2,2023-07-16,62.57
718,Muharraq,3,22,44,2025-01-08,76.16
719,Manama,3,104,57,2023-09-01,92.81
720,Riffa,1,159,36,2022-06-13,77.48
721,Muharraq,3,64,26,2020-07-23,39.24
722,Riffa,1,188,11,2025-01-26,63.57
723,Manama,4,112,5,2024-12-10,11.77
724,Manama,3,166,56,2024-07-25,21.05
725,Isa Town,5,77,39,2020-02-14,23.7
726,Manama,4,123,17,2024-10-16,83.35
727,Manama,1,132,27,2023-09-25,33.28
728,Manama,1,81,12,2024-03-13,33.9
729,Muharraq,1,95,52,2023-10-16,35.44
730,Muharraq,2,168,20,2020-06-11,71.62
731,Muharraq,5,110,2,2021-09-06,94.68
732,Manama,2,118,31,2022-06-23,55.52
733,Isa Town,3,111,30,2023-02-14,85.34
734,Riffa,1,90,15,2022-03-14,66.14
735,Isa Town,3,61,38,2021-02-28,49.65
736,Manama,2,24,29,2024-08-22,4.48
737,Manama,2,136,34,2020-10-03,85.62
738,Manama,1,73,40,2021-03-21,80.22
739,Manama,5,48,54,2022-01-13,25.71
740,Manama,4,12,38,2025-03-24,2.46
741,Isa Town,3,135,45,2024-06-04,53.48
742,Riffa,1,112,25,2020-09-19,56.25
743,Isa Town,4,76,19,2022-04-06,89.58
744,Manama,3,67,50,2025-01-07,28.89
745,Isa Town,1,121,41,2021-03-15,12.51
746,Muharraq,4,186,53,2023-10-11,13.22
747,Manama,1,97,17,2025-07-06,79.16
748,Manama,2,195,24,2020-03-01,74.57
749,Muharraq,5,176,19,2023-07-04,35.57
750,Riffa,5,46,57,2020-10-09,70.73
751,Riffa,4,148,32,2023-05-29,90.32
752,Muharraq,2,181,37,2023-10-29,97.92
753,Riffa,2,165,4,2024-07-11,4.26
754,Muharraq,5,85,35,2023-10-01,41.06
755,Riffa,3,75,14,2021-11-28,66.96
756,Isa Town,2,106,49,2025-06-24,64.6
757,Manama,5,94,28,2022-11-20,22.27
758,Isa Town,5,88,28,2023-05-03,75.38
759,Manama,5,193,13,2025-07-24,25.49
760,Manama,1,50,18,2025-01-18,16.59
761,Isa Town,5,97,10,2021-09-21,29.54
762,Manama,3,27,50,2021-05-11,11.14
763,Isa Town,4,113,47,2020-01-15,82.06
764,Isa Town,1,32,1,2023-03-20,94.54
765,Isa Town,3,139,56,2025-04-15,44.58
766,Muharraq,3,43,47,2023-02-22,84.75
767,Riffa,5,43,48,2024-11-26,21.85
768,Riffa,3,189,40,2020-05-08,62.8
769,Riffa,3,170,21,2020-02-25,68.94
770,Isa Town,2,144,56,2021-09-08,74.65
771,Isa Town,4,164,48,2020-03-11,52.32
772,Riffa,3,165,33,2023-04-30,99.64
773,Muharraq,5,192,25,2022-10-24,98.82
774,Muharraq,5,191,57,2021-11-23,86.58
775,Riffa,2,15,30,2020-02-21,46.63
776,Manama,5,20,50,2022-06-24,70.55
777,Isa Town,5,118,60,2020-03-12,7.57
778,Manama,5,191,48,2025-06-02,80.17
779,Muharraq,3,91,4,2021-07-11,60.62
780,Muharraq,5,175,47,2022-02-20,34.71
781,Manama,5,63,12,2024-03-21,56.01
782,Manama,3,176,31,2022-08-13,14.47
783,Riffa,1,127,51,2022-08-16,22.24
784,Muharraq,1,61,38,2023-01-09,82.61
785,Manama,1,123,32,2023-08-22,44.72
786,Riffa,3,10,2,2022-09-23,19.01
787,Riffa,4,173,40,2023-04-07,71.3
788,Muharraq,4,125,13,2021-11-06,99.74
789,Manama,3,56,16,2024-01-05,28.08
790,Riffa,1,121,47,2021-11-26,14.98
791,Riffa,4,116,45,2020-07-19,64.13
792,Muharraq,3,177,15,2023-07-18,30.17
793,Riffa,1,123,33,2021-05-18,69.54
794,Riffa,4,131,12,2020-07-05,76.25
795,Manama,3,110,1,2020-09-05,49.26
796,Riffa,1,162,24,2022-08-10,2.57
797,Manama,1,196,37,2021-04-26,32.74
798,Muharraq,3,163,41,2023-08-18,82.9
799,Isa Town,5,73,40,2024-09-26,47.39
800,Isa Town,4,94,16,2020-01-01,13.41
801,Riffa,4,41,18,2022-12-06,11.45
802,Muharraq,4,79,42,2020-01-21,77.96
803,Muharraq,4,101,51,2025-06-26,77.15
804,Riffa,2,155,14,2025-09-05,37.64
805,Riffa,4,55,29,2023-02-23,76.16
806,Riffa,3,13,14,2022-08-05,58.41
807,Muharraq,5,124,23,2025-04-10,35.8
808,Muharraq,4,178,19,2025-05-06,93.91
809,Muharraq,1,158,16,2023-09-22,3.36
810,Riffa,3,136,55,2023-05-20,35.81
811,Muharraq,5,179,49,2020-02-04,6.81
812,Isa Town,4,186,55,2025-02-27,16.44
813,Isa Town,1,79,54,2022-01-15,51.14
814,Riffa,2,142,28,2020-07-14,85.13
815,Riffa,5,69,17,2025-07-16,97.24
816,Riffa,2,16,8,2024-12-16,61.99
817,Isa Town,2,150,20,2022-08-23,27.03
818,Muharraq,3,25,9,2025-03-26,89.7
819,Riffa,5,11,19,2023-08-11,51.56
820,Isa Town,5,192,35,2025-05-30,62.18
821,Isa Town,4,61,56,2022-03-03,93.81
822,Muharraq,4,52,19,2023-09-26,80.52
823,Manama,1,99,28,2024-09-04,45.61
824,Isa Town,5,31,21,2023-06-17,12.26
825,Isa Town,2,26,47,2024-02-27,21.16
826,Isa Town,1,70,47,2024-06-27,72.25
827,Muharraq,1,84,1,2025-06-10,98.14
828,Manama,5,186,53,2020-12-30,39.78
829,Isa Town,1,118,10,2022-08-23,74.67
830,Isa Town,5,195,34,2024-06-12,72.3
831,Isa Town,4,110,11,2020-08-24,50.22
832,Muharraq,3,128,36,2025-05-08,63.0
833,Muharraq,3,136,25,2025-07-19,97.51
834,Isa Town,4,20,43,2023-11-17,10.25
835,Isa Town,1,173,17,2024-05-30,66.56
836,Riffa,4,166,9,2022-11-03,45.61
837,Riffa,2,59,20,2021-04-15,59.77
838,Manama,1,168,12,2022-06-27,75.85
839,Muharraq,4,71,16,2022-11-25,26.94
840,Riffa,4,34,4,2022-12-10,87.58
841,Muharraq,2,26,35,2020-12-17,82.67
842,Riffa,1,123,5,2025-02-18,96.79
843,Isa Town,1,121,29,2024-01-06,65.32
844,Muharraq,1,63,6,2023-04-30,90.17
845,Riffa,3,72,35,2021-09-02,19.32
846,Riffa,2,99,20,2020-01-26,85.52
847,Riffa,2,72,44,2021-06-27,81.54
848,Manama,1,35,10,2022-11-13,94.79
849,Isa Town,4,93,49,2025-01-24,6.9
850,Riffa,5,124,30,2020-05-11,23.25
851,Isa Town,1,102,27,2024-07-13,65.79
852,Muharraq,3,151,12,2021-08-02,4.11
853,Riffa,2,94,19,2023-02-26,38.84
854,Muharraq,4,130,39,2024-05-04,51.56
855,Muharraq,4,138,27,2021-12-31,41.94
856,Riffa,3,194,19,2024-12-05,50.78
857,Manama,1,179,25,2021-08-25,75.16
858,Isa Town,4,59,36,2021-03-09,63.38
859,Isa Town,1,80,8,2024-12-08,29.45
860,Muharraq,1,32,39,2021-06-27,26.64
861,Riffa,2,174,48,2025-05-13,34.12
862,Isa Town,5,179,30,2024-08-09,89.97
863,Manama,5,158,47,2021-10-05,50.26
864,Muharraq,1,34,8,2020-02-27,21.55
865,Muharraq,5,167,32,2021-08-19,58.75
866,Manama,1,104,56,2020-01-09,78.1
867,Riffa,5,99,60,2022-07-15,49.01
868,Isa Town,1,121,35,2020-07-08,72.31
869,Isa Town,5,18,60,2022-01-07,3.81
870,Manama,1,93,43,2022-04-19,87.02
871,Manama,1,189,49,2021-09-15,11.85
872,Riffa,2,71,26,2020-01-04,91.57
873,Isa Town,3,60,11,2020-11-14,73.54
874,Manama,1,98,17,2024-11-19,33.24
875,Muharraq,5,30,48,2024-01-12,59.52
876,Manama,5,107,53,2025-04-15,79.93
877,Manama,5,27,15,2023-03-24,29.28
878,Isa Town,4,91,44,2024-11-02,12.88
879,Riffa,5,87,34,2025-05-25,20.4
880,Isa Town,1,155,1,2020-08-19,42.05
881,Manama,1,31,21,2025-08-17,21.67
882,Isa Town,1,169,24,2022-06-26,21.02
883,Riffa,3,171,54,2021-08-30,65.52
884,Isa Town,2,42,3,2020-01-10,85.03
885,Isa Town,1,39,23,2021-09-02,33.48
886,Manama,3,66,11,2022-12-04,96.52
887,Muharraq,3,183,35,2024-08-25,74.21
888,Manama,3,162,31,2020-05-14,26.47
889,Riffa,5,189,21,2022-09-29,35.63
890,Manama,4,155,46,2021-10-15,16.3
891,Riffa,1,95,57,2025-06-07,89.26
892,Riffa,1,30,58,2025-06-12,56.57
893,Riffa,2,155,6,2025-05-01,0.15
894,Manama,4,112,31,2023-09-30,68.72
895,Riffa,2,28,32,2022-10-29,67.65
896,Isa Town,5,193,2,2022-03-22,69.5
897,Muharraq,5,76,9,2025-01-06,1.4
898,Muharraq,3,148,53,2025-05-25,32.45
899,Muharraq,5,193,52,2024-08-18,4.51
900,Isa Town,1,64,28,2024-01-04,20.62
901,Manama,2,23,23,2024-09-10,79.01
902,Isa Town,5,174,44,2022-08-08,51.94
903,Muharraq,1,126,16,2024-06-05,45.88
904,Manama,2,75,1,2025-01-14,34.91
905,Manama,3,13,20,2020-06-27,74.36
906,Manama,2,191,54,2023-04-15,7.5
907,Manama,1,19,17,2024-05-18,81.98
908,Riffa,1,195,54,2021-02-23,68.2
909,Riffa,5,36,0,2024-12-15,28.44
910,Riffa,2,91,20,2022-02-12,69.97
911,Isa Town,2,92,53,2023-01-27,43.14
912,Riffa,3,35,59,2021-04-27,66.32
913,Isa Town,1,26,58,2020-06-30,61.22
914,Muharraq,1,95,9,2025-01-03,25.57
915,Isa Town,4,38,7,2020-10-26,88.48
916,Riffa,5,69,10,2022-02-17,75.01
917,Manama,5,113,47,2022-12-01,92.81
918,Muharraq,4,29,8,2021-01-18,38.8
919,Isa Town,5,86,33,2020-09-30,91.69
920,Manama,1,29,4,2021-05-26,70.96
921,Muharraq,1,41,26,2023-11-13,57.97
922,Isa Town,3,104,40,2023-04-27,65.05
923,Muharraq,2,66,35,2025-07-03,79.88
924,Muharraq,4,139,19,2020-11-04,29.34
925,Riffa,3,110,57,2021-06-11,17.52
926,Manama,4,77,42,2025-02-15,64.32
927,Riffa,2,141,43,2024-11-10,77.87
928,Manama,3,196,39,2023-02-14,0.74
929,Riffa,2,144,41,2020-08-01,43.6
930,Muharraq,4,49,21,2023-10-16,49.18
931,Manama,1,189,32,2024-03-03,18.5
932,Riffa,1,22,53,2023-03-03,58.3
933,Riffa,4,156,32,2020-09-18,37.31
934,Riffa,1,151,19,2025-01-16,35.73
935,Riffa,2,169,27,2022-03-06,24.68
936,Riffa,2,45,6,2024-02-12,19.82
937,Riffa,2,77,49,2024-06-17,47.95
938,Muharraq,5,146,3,2025-08-22,16.21
939,Muharraq,5,29,41,2023-11-26,98.9
940,Isa Town,3,37,41,2025-07-05,24.4
941,Riffa,2,18,19,2025-04-26,33.56
942,Isa Town,5,38,15,2020-11-27,29.1
943,Isa Town,2,194,23,2021-12-06,6.06
944,Manama,2,81,54,2020-07-22,21.96
945,Manama,1,38,13,2020-07-23,28.17
946,Riffa,3,57,5,2022-05-26,24.83
947,Isa Town,5,183,55,2020-03-27,96.45
948,Riffa,3,179,58,2025-04-01,13.81
949,Muharraq,4,131,1,2025-08-14,12.69
950,Manama,3,154,29,2023-05-26,62.3
951,Isa Town,5,159,47,2024-05-28,93.65
952,Muharraq,3,113,42,2025-01-12,43.6
953,Riffa,1,26,13,2022-12-16,1.54
954,Isa Town,4,84,39,2025-04-18,38.03
955,Muharraq,4,190,25,2021-08-13,21.78
956,Isa Town,5,16,60,2020-05-04,44.29
957,Manama,5,82,31,2022-09-03,4.77
958,Riffa,2,42,2,2020-10-22,6.6
959,Isa Town,1,197,18,2021-03-18,12.86
960,Riffa,5,195,14,2022-01-01,64.89
961,Muharraq,2,151,5,2022-08-04,23.23
962,Manama,4,29,27,2023-06-15,73.86
963,Isa Town,3,183,19,2023-07-08,58.22
964,Manama,4,39,7,2025-02-18,99.6
965,Riffa,1,38,7,2023-02-23,49.41
966,Isa Town,2,71,37,2020-07-05,91.35
967,Isa Town,1,92,41,2023-02-20,93.58
968,Isa Town,1,56,25,2022-07-25,13.02
969,Isa Town,2,195,53,2022-07-28,33.89
970,Riffa,4,199,37,2021-10-03,44.6
971,Riffa,4,175,35,2024-03-23,34.64
972,Manama,5,181,1,2023-01-14,64.61
973,Isa Town,1,27,56,2024-03-26,52.86
974,Riffa,3,22,3,2021-04-30,73.33
975,Riffa,5,164,16,2021-06-12,27.62
976,Muharraq,4,165,52,2021-09-28,40.6
977,Isa Town,1,83,19,2024-07-31,75.58
978,Isa Town,1,40,34,2024-06-16,7.6
979,Manama,5,53,47,2024-03-01,71.68
980,Muharraq,3,124,29,2022-06-14,58.81
981,Isa Town,5,199,18,2023-03-10,70.03
982,Isa Town,2,187,15,2025-06-18,63.4
983,Manama,5,143,6,2022-09-13,41.54
984,Riffa,3,40,52,2021-10-25,79.11
985,Riffa,3,97,42,2023-09-23,59.72
986,Manama,4,163,50,2020-07-08,47.62
987,Isa Town,1,89,40,2025-06-11,37.33
988,Muharraq,1,15,4,2024-02-15,19.58
989,Riffa,1,48,30,2021-06-18,96.15
990,Muharraq,1,173,11,2024-11-20,62.64
991,Riffa,4,124,44,2021-01-30,25.83
992,Riffa,3,97,50,2025-06-29,91.51
993,Muharraq,3,36,31,2023-12-28,28.87
994,Riffa,4,92,9,2025-07-12,40.36
995,Muharraq,3,65,28,2022-08-14,15.45
996,Muharraq,2,16,11,2021-01-30,5.13
997,Manama,1,117,18,2024-11-08,40.58
998,Isa Town,2,106,21,2021-04-30,71.41
999,Manama,3,141,29,2023-07-26,4.71
1000,Isa Town,4,69,28,2021-06-12,37.39
