interaction_id,customer_id,campaign_id,action,date
CI00001,C03550,CM0139,Share,2025-09-15
CI00002,C01236,CM0070,View,2025-09-04
CI00003,C00441,CM0185,View,2024-10-27
CI00004,C03524,CM0014,Like,2025-06-25
CI00005,C00674,CM0175,Click,2024-03-31
CI00006,C00704,CM0142,Like,2025-01-23
CI00007,C04423,CM0075,Like,2025-05-18
CI00008,C02645,CM0169,Click,2024-09-28
CI00009,C00983,CM0171,Like,2025-04-05
CI00010,C01818,CM0179,View,2024-08-19
CI00011,C04589,CM0142,View,2023-12-19
CI00012,C04861,CM0026,Share,2025-06-29
CI00013,C02475,CM0128,Like,2024-10-20
CI00014,C03749,CM0005,View,2024-04-04
CI00015,C01266,CM0077,Like,2024-03-06
CI00016,C00145,CM0188,View,2023-12-05
CI00017,C01029,CM0046,Like,2025-07-24
CI00018,C03820,CM0152,Share,2024-03-25
CI00019,C01167,CM0052,Share,2024-08-07
CI00020,C01822,CM0121,Like,2025-06-04
CI00021,C01983,CM0191,Like,2024-12-09
CI00022,C04814,CM0135,Share,2024-12-28
CI00023,C02604,CM0173,Share,2024-02-08
CI00024,C00348,CM0016,Click,2025-02-25
CI00025,C03976,CM0058,View,2024-07-22
CI00026,C02103,CM0183,Share,2025-09-03
CI00027,C04618,CM0152,View,2025-07-19
CI00028,C00721,CM0084,View,2025-06-21
CI00029,C00918,CM0071,Click,2023-11-01
CI00030,C01576,CM0003,Click,2025-10-04
CI00031,C04858,CM0187,Share,2025-03-25
CI00032,C00942,CM0088,View,2025-08-02
CI00033,C02767,CM0127,Click,2024-07-23
CI00034,C02846,CM0067,Share,2024-06-06
CI00035,C04520,CM0057,Like,2025-01-19
CI00036,C03122,CM0180,View,2025-08-13
CI00037,C01932,CM0064,Share,2024-11-25
CI00038,C04661,CM0004,Share,2023-10-22
CI00039,C03320,CM0018,Like,2025-03-18
CI00040,C03146,CM0135,View,2024-05-19
CI00041,C01858,CM0041,View,2024-12-03
CI00042,C02128,CM0167,Like,2023-11-17
CI00043,C01864,CM0074,Share,2024-10-10
CI00044,C03097,CM0128,Click,2023-10-29
CI00045,C01681,CM0078,Share,2025-02-20
CI00046,C03113,CM0013,Share,2024-08-07
CI00047,C01409,CM0172,Click,2024-10-15
CI00048,C01682,CM0150,Like,2025-03-13
CI00049,C04807,CM0193,Click,2025-07-23
CI00050,C02118,CM0033,View,2024-12-03
CI00051,C02500,CM0091,Like,2025-01-09
CI00052,C03082,CM0030,Like,2023-10-08
CI00053,C04633,CM0056,View,2025-08-28
CI00054,C02339,CM0114,Share,2024-01-14
CI00055,C04691,CM0132,Like,2024-10-06
CI00056,C04249,CM0163,View,2025-08-08
CI00057,C01381,CM0037,Like,2025-06-02
CI00058,C04592,CM0140,Share,2023-10-14
CI00059,C00331,CM0096,View,2025-02-01
CI00060,C01132,CM0039,Share,2024-12-23
CI00061,C04879,CM0050,View,2024-03-10
CI00062,C04976,CM0175,View,2024-04-10
CI00063,C00013,CM0184,Share,2024-10-10
CI00064,C00028,CM0015,Share,2024-06-13
CI00065,C03653,CM0089,Share,2024-12-01
CI00066,C01186,CM0069,View,2024-01-11
CI00067,C02051,CM0192,Share,2024-03-24
CI00068,C00273,CM0070,Share,2023-11-11
CI00069,C03441,CM0037,View,2025-03-22
CI00070,C04082,CM0077,Click,2024-05-26
CI00071,C04817,CM0077,Like,2024-08-26
CI00072,C00006,CM0037,Like,2024-09-25
CI00073,C01401,CM0089,Click,2024-03-16
CI00074,C00484,CM0086,View,2025-04-14
CI00075,C02242,CM0100,Click,2024-03-04
CI00076,C03494,CM0032,View,2024-09-03
CI00077,C02009,CM0066,View,2024-07-19
CI00078,C02631,CM0165,Share,2025-05-18
CI00079,C02249,CM0025,View,2024-08-31
CI00080,C02632,CM0149,Share,2023-12-01
CI00081,C03077,CM0094,Share,2023-11-22
CI00082,C03243,CM0122,Share,2024-12-06
CI00083,C02966,CM0147,Like,2023-12-13
CI00084,C04771,CM0007,Click,2025-09-08
CI00085,C00696,CM0054,Like,2024-10-11
CI00086,C01920,CM0098,Share,2024-05-31
CI00087,C04029,CM0143,View,2024-09-18
CI00088,C00240,CM0174,Click,2024-11-06
CI00089,C02363,CM0020,View,2024-12-10
CI00090,C00476,CM0082,Share,2023-11-03
CI00091,C04200,CM0167,Share,2025-02-21
CI00092,C03649,CM0020,Like,2024-10-02
CI00093,C04734,CM0052,Share,2024-06-06
CI00094,C02849,CM0183,View,2024-11-08
CI00095,C03594,CM0170,Like,2023-12-04
CI00096,C03980,CM0195,Share,2025-01-18
CI00097,C04285,CM0124,Click,2024-12-25
CI00098,C01660,CM0049,View,2025-05-18
CI00099,C02580,CM0136,View,2024-12-26
CI00100,C03076,CM0077,Like,2024-06-18
CI00101,C02111,CM0040,View,2025-05-11
CI00102,C04572,CM0193,Click,2025-09-06
CI00103,C00193,CM0148,Like,2024-05-11
CI00104,C02786,CM0037,Click,2025-05-14
CI00105,C03754,CM0068,View,2025-02-12
CI00106,C04948,CM0009,View,2024-03-01
CI00107,C00283,CM0095,View,2024-12-28
CI00108,C00704,CM0183,Click,2025-06-02
CI00109,C03122,CM0190,Share,2024-07-05
CI00110,C02270,CM0180,Share,2024-06-26
CI00111,C00019,CM0185,View,2024-06-05
CI00112,C00313,CM0082,Click,2024-02-21
CI00113,C01926,CM0035,View,2024-12-19
CI00114,C03394,CM0036,Like,2025-02-22
CI00115,C00548,CM0031,View,2025-09-02
CI00116,C01480,CM0186,Click,2024-12-05
CI00117,C03960,CM0045,Like,2024-09-14
CI00118,C03739,CM0052,Click,2023-10-14
CI00119,C00125,CM0167,View,2025-08-14
CI00120,C00908,CM0048,Click,2024-08-04
CI00121,C02366,CM0011,View,2025-03-20
CI00122,C01498,CM0133,View,2024-12-10
CI00123,C01240,CM0198,View,2025-02-17
CI00124,C03480,CM0074,Share,2024-09-12
CI00125,C01951,CM0165,Like,2025-03-13
CI00126,C01195,CM0065,Click,2023-10-14
CI00127,C01129,CM0136,View,2024-10-21
CI00128,C01786,CM0028,Click,2024-02-29
CI00129,C03453,CM0102,Like,2024-02-26
CI00130,C02214,CM0027,View,2025-01-04
CI00131,C00725,CM0079,Like,2024-07-07
CI00132,C00712,CM0143,Like,2025-04-30
CI00133,C01926,CM0072,View,2025-03-02
CI00134,C04752,CM0200,Click,2024-09-15
CI00135,C00847,CM0042,Like,2025-01-17
CI00136,C02487,CM0099,Share,2025-05-22
CI00137,C00610,CM0167,Like,2025-04-04
CI00138,C02735,CM0087,Share,2024-12-17
CI00139,C00356,CM0191,Share,2024-04-14
CI00140,C03739,CM0140,View,2023-12-12
CI00141,C02700,CM0086,Like,2024-02-21
CI00142,C02107,CM0092,Share,2024-04-09
CI00143,C00316,CM0041,Share,2025-03-19
CI00144,C04194,CM0039,View,2023-11-19
CI00145,C00124,CM0064,Share,2024-12-18
CI00146,C03887,CM0095,View,2025-01-26
CI00147,C03173,CM0149,Like,2024-11-29
CI00148,C00172,CM0188,View,2024-12-12
CI00149,C01617,CM0002,View,2024-04-13
CI00150,C03957,CM0046,Click,2024-04-23
CI00151,C02121,CM0077,Click,2024-01-16
CI00152,C01561,CM0077,Share,2025-04-23
CI00153,C01010,CM0111,Share,2025-03-28
CI00154,C00841,CM0016,View,2024-10-11
CI00155,C04330,CM0068,Share,2025-06-21
CI00156,C02266,CM0030,View,2025-03-07
CI00157,C00049,CM0174,Click,2025-07-23
CI00158,C04879,CM0018,Like,2025-07-08
CI00159,C00597,CM0004,View,2024-01-09
CI00160,C00147,CM0097,Share,2024-06-20
CI00161,C01495,CM0096,Click,2025-07-13
CI00162,C04728,CM0055,View,2024-06-11
CI00163,C04501,CM0130,Share,2025-07-08
CI00164,C04066,CM0016,Share,2024-12-19
CI00165,C04592,CM0008,View,2025-02-08
CI00166,C02794,CM0147,Like,2025-03-02
CI00167,C00611,CM0158,Like,2024-07-04
CI00168,C03075,CM0090,Like,2025-04-18
CI00169,C04106,CM0153,Click,2025-04-23
CI00170,C02114,CM0162,Click,2023-12-20
CI00171,C01184,CM0022,View,2024-12-03
CI00172,C01834,CM0119,Like,2024-07-08
CI00173,C00852,CM0082,Like,2024-03-09
CI00174,C03599,CM0125,View,2023-10-26
CI00175,C01512,CM0200,Share,2024-11-09
CI00176,C01306,CM0045,Like,2023-12-11
CI00177,C01044,CM0058,View,2024-09-04
CI00178,C03486,CM0149,Click,2024-03-09
CI00179,C00027,CM0006,View,2024-08-03
CI00180,C00531,CM0116,Like,2024-12-29
CI00181,C00713,CM0176,Click,2025-01-01
CI00182,C02701,CM0041,Share,2024-12-20
CI00183,C01955,CM0127,Share,2024-01-20
CI00184,C01235,CM0044,View,2024-06-11
CI00185,C01047,CM0043,Like,2024-05-26
CI00186,C04708,CM0191,View,2025-08-05
CI00187,C03558,CM0151,Click,2025-07-30
CI00188,C04958,CM0200,View,2023-12-16
CI00189,C04238,CM0171,Share,2024-10-11
CI00190,C03127,CM0196,Share,2025-02-05
CI00191,C04509,CM0050,Share,2024-03-17
CI00192,C04577,CM0141,Click,2025-08-05
CI00193,C02338,CM0187,Like,2025-10-03
CI00194,C03458,CM0183,View,2024-12-03
CI00195,C02924,CM0068,Like,2024-10-05
CI00196,C02494,CM0001,Click,2024-10-30
CI00197,C00444,CM0038,View,2025-08-19
CI00198,C04514,CM0070,Share,2024-05-01
CI00199,C02279,CM0126,Click,2024-07-21
CI00200,C04377,CM0117,View,2025-06-21
CI00201,C02897,CM0057,Share,2024-01-04
CI00202,C03269,CM0144,Share,2024-12-09
CI00203,C02363,CM0114,View,2025-07-21
CI00204,C02021,CM0063,Click,2023-11-23
CI00205,C00369,CM0124,Like,2025-01-25
CI00206,C01570,CM0100,Like,2024-03-23
CI00207,C01748,CM0058,View,2025-07-03
CI00208,C01662,CM0135,View,2023-10-10
CI00209,C03051,CM0189,Click,2024-03-25
CI00210,C02750,CM0126,Click,2024-12-27
CI00211,C02846,CM0132,Like,2025-07-19
CI00212,C00234,CM0009,Click,2024-04-24
CI00213,C02448,CM0094,Share,2025-05-26
CI00214,C04692,CM0110,View,2023-10-06
CI00215,C03412,CM0125,View,2024-08-22
CI00216,C02073,CM0116,View,2024-01-25
CI00217,C02381,CM0136,Like,2024-07-31
CI00218,C03408,CM0135,Like,2024-12-11
CI00219,C04910,CM0152,Like,2024-11-02
CI00220,C03316,CM0138,Like,2023-12-26
CI00221,C02220,CM0008,Like,2025-05-11
CI00222,C04963,CM0135,Share,2025-01-20
CI00223,C03197,CM0151,View,2024-11-12
CI00224,C04393,CM0036,Share,2024-03-25
CI00225,C03979,CM0098,Share,2024-03-27
CI00226,C02258,CM0177,Share,2024-10-30
CI00227,C01251,CM0146,Like,2024-01-07
CI00228,C03704,CM0074,Click,2024-12-16
CI00229,C03345,CM0156,View,2024-10-18
CI00230,C03860,CM0099,View,2024-04-27
CI00231,C03414,CM0097,Like,2024-05-06
CI00232,C00334,CM0156,Click,2024-02-15
CI00233,C01205,CM0143,View,2025-05-31
CI00234,C04205,CM0119,Share,2023-12-30
CI00235,C01096,CM0098,Share,2025-04-16
CI00236,C04109,CM0035,Click,2024-05-13
CI00237,C03558,CM0167,Click,2024-06-14
CI00238,C04436,CM0067,Share,2024-01-11
CI00239,C04520,CM0068,Share,2024-09-27
CI00240,C01622,CM0008,Like,2024-04-14
CI00241,C01911,CM0009,Share,2025-01-03
CI00242,C00763,CM0031,Share,2024-07-26
CI00243,C03700,CM0039,Share,2024-08-23
CI00244,C01389,CM0159,View,2025-06-28
CI00245,C01724,CM0141,View,2025-06-10
CI00246,C01367,CM0118,Click,2024-11-04
CI00247,C00940,CM0028,Click,2024-09-14
CI00248,C01229,CM0087,View,2025-05-02
CI00249,C00847,CM0067,View,2025-03-22
CI00250,C03341,CM0177,Share,2024-08-27
CI00251,C01745,CM0094,View,2024-03-11
CI00252,C01798,CM0188,View,2024-07-15
CI00253,C01193,CM0019,Click,2025-02-09
CI00254,C02151,CM0094,View,2024-02-05
CI00255,C02019,CM0054,Click,2025-06-14
CI00256,C03354,CM0047,Like,2024-11-11
CI00257,C03054,CM0176,Click,2024-05-09
CI00258,C04109,CM0141,Like,2025-01-19
CI00259,C00599,CM0164,Share,2025-09-17
CI00260,C04553,CM0040,Like,2025-08-15
CI00261,C00599,CM0058,Click,2024-11-02
CI00262,C00694,CM0186,Share,2023-11-25
CI00263,C04813,CM0056,Share,2023-11-26
CI00264,C00863,CM0030,View,2023-11-10
CI00265,C02464,CM0067,Like,2024-10-27
CI00266,C03453,CM0074,Like,2025-07-12
CI00267,C04413,CM0142,Share,2024-12-03
CI00268,C02423,CM0120,Share,2024-04-13
CI00269,C01618,CM0074,View,2025-02-08
CI00270,C04316,CM0150,Share,2025-05-03
CI00271,C02465,CM0161,Share,2025-02-05
CI00272,C00966,CM0051,Click,2024-12-30
CI00273,C02560,CM0166,View,2025-05-06
CI00274,C03111,CM0118,Click,2024-02-19
CI00275,C00825,CM0053,View,2024-03-28
CI00276,C02149,CM0019,Like,2025-07-24
CI00277,C04207,CM0027,View,2024-02-12
CI00278,C00571,CM0187,Like,2024-06-13
CI00279,C02807,CM0107,Like,2025-09-11
CI00280,C02953,CM0120,View,2024-06-24
CI00281,C00452,CM0200,Like,2024-04-29
CI00282,C01159,CM0100,Like,2025-05-24
CI00283,C03806,CM0012,Share,2023-11-11
CI00284,C02326,CM0128,Like,2025-06-12
CI00285,C01524,CM0018,Like,2024-04-18
CI00286,C01038,CM0081,Click,2024-02-29
CI00287,C04174,CM0155,Like,2023-11-02
CI00288,C02778,CM0096,Click,2024-02-19
CI00289,C00460,CM0180,View,2024-05-06
CI00290,C01903,CM0052,View,2025-07-23
CI00291,C00273,CM0108,Share,2023-11-29
CI00292,C03305,CM0160,View,2025-05-23
CI00293,C02418,CM0109,View,2024-05-05
CI00294,C03325,CM0038,Click,2024-05-06
CI00295,C01025,CM0066,View,2023-11-05
CI00296,C01874,CM0096,Click,2025-08-23
CI00297,C00745,CM0167,Like,2024-09-21
CI00298,C04401,CM0127,Like,2024-07-01
CI00299,C00654,CM0076,View,2024-02-13
CI00300,C00367,CM0039,Like,2025-07-11
CI00301,C00103,CM0179,Click,2025-05-14
CI00302,C01615,CM0154,Share,2025-08-19
CI00303,C03624,CM0080,Like,2024-06-29
CI00304,C04503,CM0059,View,2025-07-30
CI00305,C00143,CM0078,View,2024-03-12
CI00306,C04476,CM0115,Share,2025-07-15
CI00307,C01393,CM0072,View,2025-05-10
CI00308,C04679,CM0062,View,2024-07-28
CI00309,C01845,CM0152,Share,2024-05-03
CI00310,C01310,CM0126,View,2024-10-10
CI00311,C02768,CM0124,Share,2024-02-02
CI00312,C02680,CM0076,Click,2025-05-02
CI00313,C00797,CM0199,Click,2024-11-13
CI00314,C01609,CM0030,Share,2025-09-13
CI00315,C00752,CM0012,Click,2024-05-11
CI00316,C01864,CM0072,View,2025-07-29
CI00317,C02980,CM0039,Like,2024-05-08
CI00318,C02437,CM0013,Like,2023-10-29
CI00319,C00322,CM0035,View,2023-12-22
CI00320,C02162,CM0176,View,2024-06-16
CI00321,C01025,CM0101,View,2024-11-10
CI00322,C04149,CM0182,Click,2024-11-16
CI00323,C03755,CM0019,Like,2023-10-24
CI00324,C04069,CM0178,Share,2025-01-06
CI00325,C02344,CM0024,Click,2025-05-23
CI00326,C00153,CM0045,Share,2024-03-24
CI00327,C03925,CM0165,Click,2023-10-15
CI00328,C04792,CM0044,Share,2024-04-30
CI00329,C03264,CM0158,Like,2023-12-27
CI00330,C02785,CM0046,Click,2024-07-04
CI00331,C01170,CM0088,View,2025-09-15
CI00332,C01508,CM0170,Share,2024-12-15
CI00333,C01209,CM0030,Share,2024-03-10
CI00334,C04311,CM0189,Click,2025-01-31
CI00335,C00209,CM0060,Click,2025-04-04
CI00336,C02407,CM0197,Click,2025-04-02
CI00337,C01820,CM0153,View,2024-12-15
CI00338,C03095,CM0156,Click,2025-09-21
CI00339,C03964,CM0045,View,2024-04-06
CI00340,C04600,CM0103,Click,2024-05-14
CI00341,C03761,CM0068,Like,2025-07-20
CI00342,C03358,CM0140,Share,2023-12-30
CI00343,C00209,CM0166,Share,2024-04-27
CI00344,C02988,CM0089,Like,2024-10-21
CI00345,C01796,CM0018,Like,2024-07-04
CI00346,C03877,CM0132,Like,2025-06-06
CI00347,C03135,CM0156,Share,2024-11-10
CI00348,C01270,CM0041,Click,2025-09-22
CI00349,C01991,CM0012,Click,2024-10-28
CI00350,C02988,CM0061,Click,2024-08-05
CI00351,C00716,CM0025,Like,2024-05-22
CI00352,C03677,CM0137,Share,2024-12-01
CI00353,C00401,CM0051,Like,2024-10-25
CI00354,C00673,CM0124,Like,2025-09-14
CI00355,C03460,CM0188,Share,2025-10-02
CI00356,C00550,CM0004,Click,2024-10-19
CI00357,C01068,CM0120,Click,2024-11-24
CI00358,C01998,CM0073,Share,2024-06-18
CI00359,C04893,CM0144,Click,2024-06-26
CI00360,C01860,CM0076,View,2025-10-01
CI00361,C02064,CM0147,Like,2025-05-12
CI00362,C01209,CM0012,Share,2024-03-03
CI00363,C03461,CM0154,Like,2024-09-26
CI00364,C04600,CM0056,View,2024-05-19
CI00365,C00801,CM0106,Share,2023-12-18
CI00366,C04538,CM0085,Like,2023-12-12
CI00367,C00254,CM0117,Click,2025-07-15
CI00368,C00973,CM0039,Share,2025-03-21
CI00369,C00613,CM0071,View,2023-11-02
CI00370,C00281,CM0176,Click,2024-02-01
CI00371,C04303,CM0149,Share,2024-10-24
CI00372,C01107,CM0180,Click,2025-02-02
CI00373,C01398,CM0045,Share,2025-05-25
CI00374,C03013,CM0032,View,2024-04-14
CI00375,C01915,CM0085,Like,2025-09-22
CI00376,C01690,CM0037,Share,2025-09-14
CI00377,C02047,CM0141,View,2025-05-01
CI00378,C03366,CM0039,Like,2023-12-30
CI00379,C03696,CM0137,Share,2024-11-05
CI00380,C03979,CM0170,Click,2025-09-29
CI00381,C00444,CM0080,Like,2025-08-28
CI00382,C00942,CM0010,Click,2024-06-14
CI00383,C03413,CM0198,View,2024-12-30
CI00384,C00661,CM0141,View,2023-10-09
CI00385,C01464,CM0126,Click,2024-02-01
CI00386,C02939,CM0186,Click,2024-12-10
CI00387,C01873,CM0120,Like,2025-09-16
CI00388,C00038,CM0188,Share,2024-03-18
CI00389,C02324,CM0131,Share,2024-11-14
CI00390,C00262,CM0178,View,2025-03-07
CI00391,C04051,CM0172,Like,2025-02-02
CI00392,C00029,CM0183,Like,2024-02-10
CI00393,C01326,CM0022,Click,2025-07-19
CI00394,C00110,CM0104,View,2023-12-07
CI00395,C01243,CM0111,Like,2024-07-20
CI00396,C01191,CM0110,Click,2025-08-04
CI00397,C03992,CM0171,Click,2024-02-01
CI00398,C00809,CM0074,Share,2025-02-11
CI00399,C01382,CM0089,Share,2024-09-29
CI00400,C00308,CM0005,Click,2024-10-23
CI00401,C01455,CM0047,Click,2025-04-10
CI00402,C02762,CM0006,Share,2024-11-28
CI00403,C03299,CM0083,Click,2024-07-14
CI00404,C01002,CM0053,Share,2024-11-21
CI00405,C01269,CM0094,Like,2024-12-16
CI00406,C00159,CM0180,Share,2025-01-18
CI00407,C04226,CM0066,Share,2025-07-23
CI00408,C02285,CM0040,View,2024-02-28
CI00409,C00688,CM0112,Click,2024-04-12
CI00410,C03223,CM0015,Like,2024-09-21
CI00411,C03246,CM0130,Click,2024-05-27
CI00412,C00977,CM0011,Like,2023-10-08
CI00413,C03913,CM0115,Share,2024-12-16
CI00414,C00895,CM0102,View,2024-05-16
CI00415,C01711,CM0079,View,2024-02-03
CI00416,C02638,CM0179,Share,2025-04-15
CI00417,C01035,CM0155,Share,2024-08-25
CI00418,C02304,CM0166,Like,2023-11-03
CI00419,C04320,CM0065,Like,2024-02-06
CI00420,C03049,CM0092,View,2025-05-29
CI00421,C01652,CM0009,Like,2023-11-24
CI00422,C00626,CM0059,Like,2025-09-23
CI00423,C03519,CM0150,View,2024-02-18
CI00424,C00439,CM0064,Share,2024-08-30
CI00425,C04088,CM0197,Like,2024-03-20
CI00426,C02654,CM0197,Share,2023-11-06
CI00427,C02440,CM0174,View,2023-11-19
CI00428,C00574,CM0107,Share,2025-05-21
CI00429,C02407,CM0109,View,2024-12-02
CI00430,C01440,CM0104,View,2023-12-18
CI00431,C02444,CM0058,Share,2024-12-11
CI00432,C04336,CM0188,Like,2023-10-05
CI00433,C00792,CM0044,Like,2024-09-20
CI00434,C04495,CM0065,Share,2024-05-05
CI00435,C04553,CM0084,Share,2024-07-12
CI00436,C04255,CM0132,View,2025-09-03
CI00437,C04398,CM0168,Like,2025-05-27
CI00438,C02696,CM0105,Like,2024-06-26
CI00439,C01159,CM0079,Like,2025-07-05
CI00440,C00820,CM0019,Share,2025-03-08
CI00441,C01239,CM0074,Like,2025-09-22
CI00442,C04057,CM0184,Click,2023-11-03
CI00443,C01259,CM0112,Click,2024-10-22
CI00444,C03139,CM0089,Click,2024-09-03
CI00445,C02980,CM0101,View,2025-03-03
CI00446,C04801,CM0143,Like,2025-03-10
CI00447,C02847,CM0153,Click,2024-11-23
CI00448,C03617,CM0152,Share,2025-02-13
CI00449,C02837,CM0174,Click,2024-05-15
CI00450,C00918,CM0193,Like,2024-08-12
CI00451,C00743,CM0107,View,2024-10-21
CI00452,C02526,CM0096,Click,2024-03-26
CI00453,C02071,CM0194,View,2024-09-28
CI00454,C01028,CM0034,Like,2025-07-10
CI00455,C01687,CM0132,Click,2024-10-06
CI00456,C04346,CM0100,Share,2025-09-09
CI00457,C00384,CM0170,Like,2025-09-10
CI00458,C04192,CM0120,Share,2024-04-08
CI00459,C01597,CM0138,Share,2024-08-02
CI00460,C01597,CM0103,Click,2025-08-28
CI00461,C01245,CM0032,View,2023-10-31
CI00462,C04794,CM0014,Click,2025-09-01
CI00463,C00807,CM0142,Like,2025-04-23
CI00464,C02775,CM0048,View,2023-11-29
CI00465,C02815,CM0005,Like,2024-11-16
CI00466,C00421,CM0108,View,2024-06-06
CI00467,C01886,CM0129,Like,2025-02-03
CI00468,C03483,CM0076,Like,2024-01-21
CI00469,C02054,CM0090,View,2023-11-21
CI00470,C00117,CM0108,Share,2024-10-25
CI00471,C00561,CM0165,Like,2025-02-22
CI00472,C02840,CM0076,Like,2024-11-17
CI00473,C04923,CM0071,Share,2024-04-26
CI00474,C00889,CM0019,View,2024-10-15
CI00475,C01938,CM0065,Click,2024-09-29
CI00476,C02049,CM0034,Click,2025-06-04
CI00477,C03141,CM0060,Share,2023-12-31
CI00478,C00118,CM0058,Share,2023-11-09
CI00479,C01658,CM0063,Like,2024-01-16
CI00480,C01440,CM0105,Click,2025-01-19
CI00481,C01896,CM0154,Click,2024-05-23
CI00482,C01470,CM0013,View,2025-06-10
CI00483,C04611,CM0044,Share,2023-11-29
CI00484,C01264,CM0061,View,2025-03-25
CI00485,C00833,CM0168,Like,2024-04-09
CI00486,C01354,CM0110,Share,2025-05-30
CI00487,C02543,CM0157,View,2025-06-10
CI00488,C02836,CM0012,View,2023-11-17
CI00489,C01600,CM0088,View,2023-12-01
CI00490,C00724,CM0176,Share,2025-07-29
CI00491,C04027,CM0008,View,2024-02-02
CI00492,C01325,CM0125,Like,2023-12-25
CI00493,C00358,CM0150,Share,2025-03-16
CI00494,C01470,CM0029,Like,2024-06-05
CI00495,C00071,CM0110,Like,2024-05-05
CI00496,C01836,CM0167,View,2025-04-13
CI00497,C00319,CM0089,View,2025-06-29
CI00498,C04572,CM0094,View,2025-01-24
CI00499,C01917,CM0030,Like,2025-09-08
CI00500,C02818,CM0021,View,2024-03-07
CI00501,C01224,CM0055,Click,2025-04-23
CI00502,C02536,CM0162,Click,2025-01-16
CI00503,C01585,CM0058,Share,2025-02-23
CI00504,C03535,CM0092,View,2025-09-04
CI00505,C02455,CM0136,Like,2025-01-21
CI00506,C04062,CM0194,Like,2024-12-22
CI00507,C03991,CM0070,Click,2024-12-28
CI00508,C02039,CM0129,Share,2025-09-27
CI00509,C03903,CM0011,View,2024-08-09
CI00510,C01859,CM0048,Click,2025-06-18
CI00511,C03249,CM0198,Like,2025-07-31
CI00512,C01528,CM0162,Share,2024-07-04
CI00513,C01697,CM0114,Like,2024-06-16
CI00514,C02923,CM0166,Click,2024-12-24
CI00515,C01919,CM0200,Like,2024-07-26
CI00516,C03749,CM0191,Click,2024-03-31
CI00517,C02389,CM0056,Like,2024-11-29
CI00518,C00620,CM0023,View,2023-12-19
CI00519,C01396,CM0033,Click,2024-04-07
CI00520,C02120,CM0032,Like,2025-04-02
CI00521,C01985,CM0057,Share,2024-09-17
CI00522,C00249,CM0051,Like,2024-02-16
CI00523,C00525,CM0133,Share,2024-11-11
CI00524,C03688,CM0096,Click,2023-11-12
CI00525,C00398,CM0051,Click,2025-08-09
CI00526,C01057,CM0161,Share,2025-02-21
CI00527,C03432,CM0096,View,2024-10-31
CI00528,C02576,CM0067,Share,2024-02-08
CI00529,C03317,CM0163,Click,2024-01-23
CI00530,C02673,CM0074,Like,2025-07-24
CI00531,C00481,CM0025,Like,2025-01-15
CI00532,C03086,CM0062,Like,2024-07-01
CI00533,C03542,CM0110,Click,2024-03-03
CI00534,C03727,CM0009,Click,2024-11-04
CI00535,C03279,CM0097,View,2025-01-17
CI00536,C01367,CM0100,Like,2023-10-28
CI00537,C00520,CM0102,Like,2023-11-10
CI00538,C01873,CM0147,Like,2023-12-21
CI00539,C00581,CM0014,Like,2025-02-17
CI00540,C04376,CM0107,Click,2024-07-27
CI00541,C00482,CM0120,View,2025-03-28
CI00542,C03462,CM0127,Share,2024-06-25
CI00543,C00451,CM0063,View,2024-07-09
CI00544,C01095,CM0164,Click,2024-12-10
CI00545,C03055,CM0086,Like,2025-08-02
CI00546,C04643,CM0060,View,2025-09-10
CI00547,C04401,CM0074,View,2024-04-24
CI00548,C03264,CM0020,View,2024-11-16
CI00549,C00571,CM0030,Like,2024-04-20
CI00550,C02092,CM0089,Click,2023-11-10
CI00551,C04281,CM0086,Like,2023-12-31
CI00552,C03755,CM0168,Like,2024-07-21
CI00553,C00739,CM0195,View,2024-09-01
CI00554,C00818,CM0135,Share,2024-02-02
CI00555,C01312,CM0162,Like,2024-01-27
CI00556,C04654,CM0170,View,2024-02-02
CI00557,C02669,CM0035,Like,2025-04-10
CI00558,C04508,CM0197,Like,2024-02-10
CI00559,C02073,CM0007,Click,2024-02-28
CI00560,C01640,CM0185,Share,2025-09-13
CI00561,C00504,CM0099,Like,2024-03-13
CI00562,C01930,CM0066,Click,2024-07-25
CI00563,C03449,CM0167,View,2024-01-16
CI00564,C01333,CM0139,View,2024-01-29
CI00565,C00447,CM0158,View,2025-05-08
CI00566,C01788,CM0189,Share,2024-08-03
CI00567,C02483,CM0113,View,2024-07-07
CI00568,C01903,CM0136,Share,2023-10-07
CI00569,C04931,CM0164,View,2024-11-04
CI00570,C04959,CM0074,Like,2024-05-09
CI00571,C00264,CM0036,Click,2024-09-08
CI00572,C03257,CM0005,View,2024-03-20
CI00573,C01600,CM0174,Share,2024-06-13
CI00574,C02531,CM0118,View,2023-12-29
CI00575,C04783,CM0081,Click,2023-10-16
CI00576,C04778,CM0131,View,2024-11-07
CI00577,C04680,CM0186,View,2023-10-06
CI00578,C04806,CM0006,Click,2024-05-26
CI00579,C02247,CM0105,Share,2024-05-19
CI00580,C01885,CM0015,View,2024-04-07
CI00581,C02578,CM0092,Click,2024-04-16
CI00582,C00550,CM0076,Click,2024-06-04
CI00583,C04834,CM0184,Share,2024-03-07
CI00584,C04439,CM0068,Like,2025-03-31
CI00585,C04918,CM0100,View,2024-01-19
CI00586,C03858,CM0167,Click,2025-07-23
CI00587,C04766,CM0065,Click,2024-04-23
CI00588,C02050,CM0097,Click,2024-08-30
CI00589,C03141,CM0186,Share,2023-10-11
CI00590,C02463,CM0065,View,2025-06-08
CI00591,C01248,CM0177,Click,2025-02-05
CI00592,C04415,CM0073,Share,2025-08-13
CI00593,C02046,CM0075,Like,2024-03-23
CI00594,C04750,CM0008,Share,2025-09-18
CI00595,C04911,CM0114,Like,2025-05-09
CI00596,C00530,CM0143,Share,2024-01-21
CI00597,C00367,CM0083,Click,2024-01-04
CI00598,C02606,CM0196,Click,2024-09-14
CI00599,C01936,CM0052,Click,2024-11-20
CI00600,C04865,CM0033,Click,2024-07-15
CI00601,C01070,CM0115,Share,2023-11-25
CI00602,C04383,CM0069,Share,2025-09-03
CI00603,C03287,CM0085,View,2024-07-23
CI00604,C02193,CM0132,Click,2025-05-26
CI00605,C01710,CM0128,Click,2024-06-28
CI00606,C00492,CM0017,Share,2025-09-20
CI00607,C03118,CM0125,Share,2025-02-21
CI00608,C01109,CM0146,Share,2024-02-14
CI00609,C01940,CM0149,Share,2024-06-03
CI00610,C02949,CM0021,Like,2024-07-19
CI00611,C00747,CM0127,Share,2025-10-01
CI00612,C04757,CM0009,View,2024-09-07
CI00613,C03105,CM0053,Like,2024-04-02
CI00614,C00498,CM0092,View,2024-02-25
CI00615,C03111,CM0102,Click,2025-07-23
CI00616,C01072,CM0094,View,2024-04-25
CI00617,C01149,CM0177,Click,2025-02-16
CI00618,C02457,CM0004,View,2024-06-16
CI00619,C00345,CM0155,Click,2024-11-01
CI00620,C03106,CM0058,View,2025-04-28
CI00621,C02163,CM0095,View,2025-08-22
CI00622,C00168,CM0077,View,2024-03-10
CI00623,C02035,CM0168,Like,2023-10-17
CI00624,C02085,CM0011,Share,2023-10-08
CI00625,C01519,CM0080,View,2024-12-27
CI00626,C03691,CM0135,Click,2025-08-16
CI00627,C04793,CM0033,Share,2024-12-15
CI00628,C02172,CM0119,Share,2023-10-27
CI00629,C02356,CM0014,Share,2024-02-09
CI00630,C02692,CM0197,Share,2023-11-15
CI00631,C02439,CM0147,Click,2024-09-05
CI00632,C01991,CM0085,Like,2024-12-24
CI00633,C00341,CM0134,Share,2024-03-14
CI00634,C03702,CM0029,Like,2025-08-15
CI00635,C00688,CM0122,View,2024-09-22
CI00636,C02289,CM0006,Like,2024-02-25
CI00637,C03426,CM0016,Share,2024-01-08
CI00638,C01730,CM0120,Share,2024-01-14
CI00639,C00342,CM0090,Click,2024-09-03
CI00640,C03895,CM0062,Like,2024-05-17
CI00641,C01428,CM0007,Like,2025-06-13
CI00642,C03316,CM0012,View,2023-12-01
CI00643,C00123,CM0185,Share,2024-02-11
CI00644,C01662,CM0099,View,2023-12-18
CI00645,C02798,CM0112,Like,2025-03-13
CI00646,C02672,CM0065,View,2024-02-24
CI00647,C02233,CM0008,Like,2025-05-10
CI00648,C02053,CM0026,Like,2025-09-08
CI00649,C03800,CM0066,View,2024-05-31
CI00650,C02208,CM0037,Like,2024-08-13
CI00651,C00168,CM0113,Share,2023-10-16
CI00652,C03176,CM0151,Share,2024-03-03
CI00653,C01543,CM0015,Click,2025-01-30
CI00654,C00189,CM0186,Share,2024-09-09
CI00655,C00589,CM0044,View,2024-08-31
CI00656,C03748,CM0021,Click,2023-12-12
CI00657,C04520,CM0135,Share,2025-09-29
CI00658,C02226,CM0042,Like,2025-07-18
CI00659,C02492,CM0114,Click,2025-05-31
CI00660,C01437,CM0152,Like,2025-09-26
CI00661,C01259,CM0125,Like,2024-10-15
CI00662,C00046,CM0006,Like,2025-06-13
CI00663,C04863,CM0116,Click,2024-05-14
CI00664,C01607,CM0023,Click,2024-09-04
CI00665,C04953,CM0088,View,2024-07-27
CI00666,C02920,CM0164,Click,2024-06-10
CI00667,C03105,CM0166,Like,2024-07-08
CI00668,C04055,CM0127,Share,2023-11-27
CI00669,C01863,CM0070,Like,2024-11-05
CI00670,C02318,CM0123,Click,2025-09-11
CI00671,C01577,CM0015,Like,2024-10-15
CI00672,C02654,CM0147,View,2025-04-08
CI00673,C01007,CM0195,Like,2024-06-16
CI00674,C03256,CM0167,Click,2024-03-08
CI00675,C04401,CM0016,Like,2023-10-28
CI00676,C04406,CM0077,View,2025-05-09
CI00677,C01447,CM0109,Click,2025-02-17
CI00678,C02807,CM0157,Click,2024-08-22
CI00679,C00036,CM0089,Like,2023-10-20
CI00680,C03829,CM0096,Like,2025-01-11
CI00681,C04630,CM0107,Share,2025-01-03
CI00682,C02556,CM0088,Click,2025-08-10
CI00683,C03014,CM0026,Like,2023-11-28
CI00684,C02979,CM0057,View,2024-04-01
CI00685,C01872,CM0141,View,2024-01-20
CI00686,C04160,CM0017,Share,2024-04-21
CI00687,C01835,CM0112,Click,2023-10-15
CI00688,C02418,CM0054,View,2025-09-26
CI00689,C00729,CM0128,View,2025-08-10
CI00690,C04522,CM0128,Like,2024-02-12
CI00691,C01722,CM0147,Like,2024-02-24
CI00692,C01299,CM0087,Like,2024-01-12
CI00693,C01449,CM0113,Share,2023-12-31
CI00694,C02744,CM0037,Click,2025-08-28
CI00695,C04309,CM0166,Like,2025-03-30
CI00696,C00388,CM0188,Click,2023-11-11
CI00697,C00802,CM0187,Share,2025-04-09
CI00698,C01700,CM0038,Like,2025-02-18
CI00699,C04760,CM0087,Like,2025-06-15
CI00700,C03134,CM0188,View,2024-09-15
CI00701,C03036,CM0172,Share,2024-08-16
CI00702,C00084,CM0001,Like,2025-03-10
CI00703,C04380,CM0094,Share,2024-11-08
CI00704,C01821,CM0122,Click,2024-01-10
CI00705,C00584,CM0144,Click,2025-08-30
CI00706,C04336,CM0102,Click,2024-08-15
CI00707,C01689,CM0097,Share,2025-07-11
CI00708,C02008,CM0041,Click,2024-09-16
CI00709,C02174,CM0060,Like,2024-09-15
CI00710,C02362,CM0045,Like,2024-03-15
CI00711,C04093,CM0164,Share,2024-02-28
CI00712,C02866,CM0044,Share,2025-07-28
CI00713,C04287,CM0158,Share,2025-07-13
CI00714,C00996,CM0027,View,2025-02-19
CI00715,C02456,CM0061,View,2025-05-19
CI00716,C04596,CM0043,Like,2023-11-09
CI00717,C02648,CM0126,Like,2024-03-02
CI00718,C02562,CM0130,Like,2024-01-26
CI00719,C04959,CM0188,Click,2024-03-01
CI00720,C01263,CM0095,Share,2025-02-09
CI00721,C01323,CM0191,View,2023-11-01
CI00722,C02641,CM0087,View,2024-08-12
CI00723,C04647,CM0155,Share,2024-09-20
CI00724,C00255,CM0029,Click,2024-11-12
CI00725,C01753,CM0174,Share,2024-01-05
CI00726,C01892,CM0143,Click,2025-02-26
CI00727,C04570,CM0079,Like,2024-06-24
CI00728,C03809,CM0172,Click,2024-05-14
CI00729,C03009,CM0067,Click,2025-05-12
CI00730,C00969,CM0077,View,2024-08-08
CI00731,C00015,CM0052,Click,2024-07-18
CI00732,C03454,CM0186,View,2024-01-27
CI00733,C03458,CM0182,Click,2024-08-02
CI00734,C01665,CM0174,Click,2024-05-27
CI00735,C03748,CM0077,Click,2025-06-03
CI00736,C00958,CM0117,Click,2024-03-14
CI00737,C03228,CM0197,View,2024-05-25
CI00738,C03184,CM0026,Share,2025-03-17
CI00739,C00255,CM0117,View,2024-07-30
CI00740,C02947,CM0002,Share,2024-01-15
CI00741,C04834,CM0200,Share,2024-06-19
CI00742,C03178,CM0096,Like,2024-06-13
CI00743,C02477,CM0128,View,2024-12-17
CI00744,C02126,CM0076,Share,2024-08-08
CI00745,C04616,CM0013,Like,2024-08-17
CI00746,C04650,CM0136,View,2025-06-23
CI00747,C03623,CM0132,View,2025-01-21
CI00748,C04596,CM0035,Click,2024-01-22
CI00749,C01873,CM0193,Click,2024-08-28
CI00750,C02452,CM0037,Share,2024-11-06
CI00751,C04930,CM0145,Like,2025-02-14
CI00752,C03166,CM0055,Click,2025-04-02
CI00753,C00997,CM0055,Click,2024-01-07
CI00754,C02072,CM0144,Like,2023-11-13
CI00755,C04571,CM0045,Share,2025-07-07
CI00756,C03400,CM0027,View,2024-02-10
CI00757,C02654,CM0051,View,2025-06-14
CI00758,C00155,CM0015,Like,2025-09-05
CI00759,C02617,CM0111,View,2025-04-17
CI00760,C01910,CM0133,Click,2025-07-29
CI00761,C02839,CM0149,Like,2024-01-28
CI00762,C03975,CM0073,View,2025-06-01
CI00763,C04197,CM0125,Click,2024-03-08
CI00764,C02559,CM0147,View,2023-10-06
CI00765,C02289,CM0070,Like,2024-11-15
CI00766,C01906,CM0138,Click,2025-09-05
CI00767,C04313,CM0039,Click,2024-02-07
CI00768,C03968,CM0081,View,2024-10-09
CI00769,C03140,CM0132,Click,2025-02-24
CI00770,C02789,CM0072,Click,2024-01-26
CI00771,C04133,CM0080,Click,2025-03-03
CI00772,C01098,CM0132,Click,2024-01-16
CI00773,C01088,CM0108,Share,2024-06-04
CI00774,C00181,CM0037,View,2023-11-24
CI00775,C04842,CM0071,Click,2025-09-30
CI00776,C00303,CM0158,Like,2024-05-18
CI00777,C01912,CM0132,Share,2023-11-13
CI00778,C04169,CM0038,Click,2024-02-21
CI00779,C01355,CM0126,Click,2024-11-29
CI00780,C02217,CM0101,Click,2025-03-05
CI00781,C00119,CM0098,View,2025-01-25
CI00782,C00996,CM0169,Click,2024-09-11
CI00783,C01160,CM0067,View,2025-05-13
CI00784,C00136,CM0162,Click,2025-01-09
CI00785,C01582,CM0188,View,2025-04-10
CI00786,C00807,CM0056,Share,2025-04-07
CI00787,C03847,CM0086,Click,2023-11-26
CI00788,C02913,CM0196,Click,2025-02-11
CI00789,C00514,CM0040,Click,2025-03-25
CI00790,C00120,CM0146,Click,2024-06-01
CI00791,C01403,CM0195,Click,2025-01-05
CI00792,C03316,CM0116,Share,2025-03-06
CI00793,C03385,CM0019,Click,2025-07-27
CI00794,C03419,CM0051,View,2025-09-12
CI00795,C01582,CM0076,Share,2024-05-10
CI00796,C01528,CM0200,Click,2024-02-16
CI00797,C02602,CM0080,Like,2025-09-19
CI00798,C02693,CM0114,Like,2024-09-25
CI00799,C02664,CM0141,Share,2024-12-10
CI00800,C00512,CM0117,Like,2024-12-07
CI00801,C03848,CM0097,Click,2024-04-03
CI00802,C04636,CM0132,Like,2024-04-08
CI00803,C04331,CM0199,View,2025-02-19
CI00804,C03184,CM0043,Share,2024-06-10
CI00805,C01354,CM0195,Like,2024-08-15
CI00806,C00081,CM0018,Like,2025-07-11
CI00807,C04050,CM0004,Share,2024-08-20
CI00808,C04529,CM0141,Share,2024-02-26
CI00809,C01246,CM0190,Click,2025-01-15
CI00810,C04342,CM0125,View,2024-11-05
CI00811,C03012,CM0197,Like,2024-01-23
CI00812,C02148,CM0082,Click,2023-10-14
CI00813,C00936,CM0199,View,2024-09-02
CI00814,C00734,CM0005,Click,2023-12-27
CI00815,C04470,CM0171,Share,2024-07-09
CI00816,C04606,CM0030,Click,2025-05-28
CI00817,C01118,CM0007,Share,2025-04-23
CI00818,C04911,CM0099,Like,2025-02-16
CI00819,C03213,CM0182,Like,2024-06-20
CI00820,C00547,CM0172,Click,2025-06-30
CI00821,C04945,CM0047,Share,2024-09-03
CI00822,C02590,CM0128,View,2024-08-02
CI00823,C02527,CM0172,Share,2024-11-30
CI00824,C01700,CM0107,View,2024-05-16
CI00825,C04009,CM0106,Click,2024-11-28
CI00826,C04138,CM0009,Like,2024-10-08
CI00827,C00304,CM0019,Like,2025-06-08
CI00828,C00636,CM0028,View,2025-05-17
CI00829,C04069,CM0172,Click,2024-12-29
CI00830,C01576,CM0121,Share,2024-05-28
CI00831,C04338,CM0157,Like,2024-10-15
CI00832,C02374,CM0108,Like,2025-02-14
CI00833,C02507,CM0134,Like,2024-12-24
CI00834,C02904,CM0109,View,2025-01-05
CI00835,C03264,CM0121,Click,2024-05-18
CI00836,C04078,CM0079,Share,2024-03-02
CI00837,C04955,CM0052,Like,2024-10-26
CI00838,C00434,CM0025,Share,2024-11-03
CI00839,C01783,CM0193,Like,2025-05-09
CI00840,C03725,CM0104,Click,2024-01-23
CI00841,C00117,CM0090,Click,2024-01-30
CI00842,C02087,CM0112,Like,2024-01-30
CI00843,C01888,CM0112,Click,2025-08-11
CI00844,C02355,CM0199,Share,2025-08-05
CI00845,C04389,CM0105,Like,2024-03-04
CI00846,C03628,CM0166,Like,2024-05-06
CI00847,C02260,CM0019,View,2024-02-15
CI00848,C01065,CM0128,Click,2025-09-08
CI00849,C00642,CM0094,Click,2025-09-29
CI00850,C04888,CM0035,Share,2025-09-06
CI00851,C01322,CM0004,Like,2024-08-14
CI00852,C02212,CM0092,Like,2024-09-23
CI00853,C01086,CM0073,Like,2024-03-31
CI00854,C04106,CM0051,Share,2024-02-25
CI00855,C02714,CM0108,Like,2025-09-22
CI00856,C00034,CM0146,Like,2025-07-31
CI00857,C03976,CM0073,Share,2025-01-21
CI00858,C03478,CM0093,Like,2025-04-20
CI00859,C02416,CM0111,Like,2024-01-31
CI00860,C00594,CM0098,Like,2024-07-09
CI00861,C03047,CM0161,Like,2025-03-25
CI00862,C03090,CM0068,Click,2025-06-23
CI00863,C02529,CM0023,Share,2024-08-06
CI00864,C00197,CM0050,Like,2025-01-15
CI00865,C03821,CM0055,Like,2024-11-20
CI00866,C04861,CM0132,View,2025-03-21
CI00867,C04655,CM0108,Click,2024-02-06
CI00868,C03874,CM0116,Click,2024-06-25
CI00869,C00139,CM0078,View,2023-11-11
CI00870,C02471,CM0063,View,2025-01-30
CI00871,C00065,CM0092,Like,2025-03-02
CI00872,C00297,CM0192,Like,2024-06-04
CI00873,C00835,CM0054,View,2025-06-30
CI00874,C00055,CM0067,View,2025-03-09
CI00875,C00446,CM0113,Click,2023-11-11
CI00876,C04555,CM0157,Share,2023-11-30
CI00877,C04131,CM0151,Like,2023-12-20
CI00878,C03318,CM0192,Click,2024-03-08
CI00879,C01404,CM0055,Like,2024-06-07
CI00880,C03561,CM0096,Click,2024-02-04
CI00881,C04810,CM0059,View,2024-06-23
CI00882,C04036,CM0176,Like,2025-04-16
CI00883,C03576,CM0147,Like,2024-02-27
CI00884,C01483,CM0178,Click,2025-07-03
CI00885,C03252,CM0158,View,2025-06-03
CI00886,C03190,CM0184,Share,2024-03-06
CI00887,C02853,CM0052,View,2024-03-18
CI00888,C02853,CM0151,View,2025-05-03
CI00889,C03103,CM0199,Click,2024-03-16
CI00890,C01560,CM0040,View,2024-04-28
CI00891,C02699,CM0181,View,2024-07-14
CI00892,C04826,CM0065,View,2025-08-12
CI00893,C00885,CM0161,Like,2023-12-18
CI00894,C00028,CM0151,Click,2024-08-02
CI00895,C02224,CM0126,Click,2024-10-09
CI00896,C03484,CM0200,View,2024-09-17
CI00897,C04368,CM0039,View,2025-08-07
CI00898,C04297,CM0153,Click,2023-12-03
CI00899,C04420,CM0124,Share,2025-08-06
CI00900,C04537,CM0124,View,2024-01-31
CI00901,C02746,CM0065,View,2024-01-24
CI00902,C03756,CM0123,View,2024-01-18
CI00903,C02280,CM0063,Like,2024-08-27
CI00904,C02184,CM0073,View,2025-01-03
CI00905,C01293,CM0047,View,2024-12-09
CI00906,C02916,CM0153,Click,2025-06-10
CI00907,C01255,CM0174,Share,2025-01-19
CI00908,C01263,CM0179,Click,2024-11-08
CI00909,C04664,CM0024,View,2024-10-01
CI00910,C03390,CM0191,View,2024-04-02
CI00911,C04367,CM0054,Share,2024-10-03
CI00912,C02867,CM0012,Click,2025-09-19
CI00913,C00163,CM0169,Share,2024-06-29
CI00914,C03950,CM0169,Click,2025-07-17
CI00915,C01025,CM0017,Like,2025-06-01
CI00916,C01879,CM0131,Click,2025-08-23
CI00917,C01263,CM0017,Share,2024-08-16
CI00918,C01080,CM0146,Click,2025-02-15
CI00919,C01136,CM0154,Share,2025-03-20
CI00920,C00626,CM0125,Like,2025-05-23
CI00921,C00894,CM0087,View,2024-09-09
CI00922,C03413,CM0092,Click,2024-08-23
CI00923,C02332,CM0146,Like,2025-01-25
CI00924,C04791,CM0070,Click,2023-10-08
CI00925,C01551,CM0085,Click,2024-03-17
CI00926,C00536,CM0194,View,2024-10-16
CI00927,C01274,CM0116,Click,2024-11-27
CI00928,C02741,CM0023,Share,2024-03-30
CI00929,C03912,CM0096,Like,2025-09-29
CI00930,C00963,CM0151,View,2023-11-16
CI00931,C00319,CM0032,Share,2024-12-18
CI00932,C04493,CM0052,Like,2025-02-19
CI00933,C02302,CM0058,View,2023-12-25
CI00934,C02185,CM0045,Share,2023-11-08
CI00935,C03575,CM0129,Click,2024-01-02
CI00936,C01494,CM0061,Click,2024-03-09
CI00937,C00431,CM0029,Share,2025-05-14
CI00938,C04594,CM0194,View,2023-12-06
CI00939,C00315,CM0085,Like,2024-06-21
CI00940,C01662,CM0111,View,2024-04-02
CI00941,C04630,CM0044,Share,2025-07-16
CI00942,C00928,CM0091,View,2025-01-05
CI00943,C04511,CM0129,Share,2024-06-16
CI00944,C04117,CM0107,Click,2025-03-21
CI00945,C04529,CM0117,Click,2024-06-19
CI00946,C02504,CM0191,Share,2025-08-17
CI00947,C00437,CM0062,View,2024-03-25
CI00948,C03315,CM0094,Like,2025-08-07
CI00949,C00909,CM0064,Click,2024-02-14
CI00950,C00873,CM0155,Like,2024-04-25
CI00951,C01579,CM0149,Like,2024-09-20
CI00952,C01465,CM0081,Click,2024-11-04
CI00953,C04233,CM0042,View,2024-09-12
CI00954,C04347,CM0164,Share,2024-06-01
CI00955,C02251,CM0198,View,2025-01-30
CI00956,C03849,CM0118,View,2024-04-26
CI00957,C04885,CM0140,Like,2025-07-15
CI00958,C01971,CM0028,Share,2024-01-22
CI00959,C04739,CM0156,View,2025-03-05
CI00960,C00003,CM0116,Click,2024-04-22
CI00961,C03672,CM0099,Click,2023-12-28
CI00962,C04406,CM0180,Click,2025-09-26
CI00963,C00742,CM0118,Like,2024-09-02
CI00964,C03101,CM0015,Share,2024-11-14
CI00965,C01635,CM0154,Like,2025-01-05
CI00966,C04365,CM0075,Share,2025-03-28
CI00967,C03090,CM0155,Share,2023-10-06
CI00968,C04145,CM0135,Click,2025-02-17
CI00969,C04403,CM0030,View,2024-06-09
CI00970,C02817,CM0045,Like,2024-10-26
CI00971,C03368,CM0104,Like,2024-02-02
CI00972,C00823,CM0072,Like,2025-05-27
CI00973,C01128,CM0075,View,2024-07-18
CI00974,C01875,CM0117,Click,2025-08-10
CI00975,C04957,CM0060,View,2024-01-18
CI00976,C04106,CM0117,Share,2025-02-07
CI00977,C02017,CM0091,View,2025-01-01
CI00978,C00798,CM0075,Click,2025-03-23
CI00979,C00419,CM0164,View,2025-07-18
CI00980,C01257,CM0003,Like,2024-09-01
CI00981,C04198,CM0105,Like,2025-08-09
CI00982,C01941,CM0076,View,2025-01-16
CI00983,C00610,CM0167,Share,2025-01-23
CI00984,C04450,CM0050,Click,2024-08-21
CI00985,C01920,CM0193,View,2024-05-10
CI00986,C02221,CM0064,Click,2023-12-04
CI00987,C00205,CM0168,Click,2025-01-03
CI00988,C00403,CM0122,View,2025-04-12
CI00989,C04671,CM0164,Share,2024-12-04
CI00990,C01435,CM0055,Click,2024-05-12
CI00991,C03042,CM0118,Click,2025-02-28
CI00992,C02087,CM0100,Click,2024-08-12
CI00993,C03471,CM0097,Share,2024-08-20
CI00994,C01411,CM0058,Click,2023-11-15
CI00995,C04741,CM0099,View,2024-03-31
CI00996,C04590,CM0112,Share,2025-04-12
CI00997,C01233,CM0187,Click,2023-10-18
CI00998,C03116,CM0191,Share,2024-10-08
CI00999,C02789,CM0066,Share,2025-09-06
CI01000,C03376,CM0053,Like,2025-09-29
CI01001,C04693,CM0052,Share,2025-06-14
CI01002,C03091,CM0041,View,2025-02-23
CI01003,C00856,CM0025,Share,2025-01-17
CI01004,C01072,CM0155,Like,2023-11-13
CI01005,C02537,CM0005,Share,2023-11-09
CI01006,C04998,CM0043,Share,2025-02-07
CI01007,C02196,CM0140,Click,2025-07-25
CI01008,C04168,CM0086,View,2025-02-13
CI01009,C03365,CM0070,Share,2025-06-04
CI01010,C03090,CM0047,Like,2024-07-01
CI01011,C03209,CM0156,Share,2025-03-17
CI01012,C01029,CM0146,Click,2025-04-03
CI01013,C01488,CM0047,Like,2024-11-12
CI01014,C00149,CM0119,Click,2024-09-19
CI01015,C01218,CM0034,Share,2024-05-10
CI01016,C03917,CM0073,Share,2024-12-17
CI01017,C01728,CM0137,Click,2024-01-07
CI01018,C03433,CM0116,Like,2024-03-26
CI01019,C00734,CM0023,Click,2024-08-24
CI01020,C03762,CM0158,View,2023-12-28
CI01021,C01337,CM0085,View,2024-07-29
CI01022,C03722,CM0066,Share,2024-07-26
CI01023,C03214,CM0068,View,2025-05-19
CI01024,C02973,CM0070,Share,2023-10-11
CI01025,C01092,CM0189,Share,2024-05-21
CI01026,C02324,CM0199,Like,2024-12-01
CI01027,C00916,CM0190,Like,2024-12-05
CI01028,C03426,CM0188,Share,2024-06-04
CI01029,C00351,CM0061,Like,2024-05-16
CI01030,C03494,CM0069,Share,2023-10-07
CI01031,C02722,CM0139,Click,2024-03-06
CI01032,C04149,CM0058,Like,2024-12-25
CI01033,C03235,CM0025,Click,2025-02-20
CI01034,C01196,CM0077,Like,2025-09-30
CI01035,C01381,CM0070,View,2025-03-05
CI01036,C00355,CM0116,Share,2024-12-13
CI01037,C04495,CM0089,Share,2025-08-25
CI01038,C00160,CM0189,Click,2025-04-02
CI01039,C00619,CM0146,Share,2023-10-19
CI01040,C00730,CM0025,Click,2024-04-25
CI01041,C04118,CM0118,Click,2025-06-25
CI01042,C03029,CM0015,Like,2025-06-23
CI01043,C00373,CM0196,Click,2025-08-07
CI01044,C04742,CM0093,Share,2025-05-21
CI01045,C03029,CM0065,Share,2023-12-26
CI01046,C01130,CM0093,Like,2025-02-02
CI01047,C04066,CM0020,View,2024-10-08
CI01048,C00660,CM0041,Share,2025-07-28
CI01049,C04955,CM0091,Share,2025-07-26
CI01050,C04377,CM0022,Click,2024-11-11
CI01051,C02174,CM0075,Like,2024-01-27
CI01052,C00496,CM0146,View,2023-11-28
CI01053,C00863,CM0121,Like,2024-04-16
CI01054,C02662,CM0028,Share,2024-08-06
CI01055,C00885,CM0084,Click,2025-03-25
CI01056,C02443,CM0136,Like,2024-01-14
CI01057,C04787,CM0194,View,2024-04-27
CI01058,C03739,CM0040,Like,2025-02-03
CI01059,C04056,CM0172,Share,2024-12-12
CI01060,C03875,CM0015,Share,2025-08-04
CI01061,C04264,CM0162,Like,2024-01-18
CI01062,C01596,CM0051,Click,2025-05-23
CI01063,C03431,CM0193,Click,2024-12-31
CI01064,C01750,CM0023,Share,2025-04-14
CI01065,C03549,CM0132,Share,2024-09-07
CI01066,C03778,CM0141,Share,2024-09-28
CI01067,C04524,CM0115,Like,2023-11-23
CI01068,C00829,CM0179,Click,2024-04-07
CI01069,C04643,CM0146,Click,2025-05-31
CI01070,C01530,CM0140,View,2024-03-10
CI01071,C02689,CM0052,Share,2025-07-31
CI01072,C04091,CM0096,Click,2024-12-26
CI01073,C04710,CM0151,Like,2025-10-01
CI01074,C01526,CM0172,View,2024-01-09
CI01075,C01038,CM0183,Click,2025-09-14
CI01076,C02725,CM0174,Click,2024-05-31
CI01077,C04017,CM0040,Share,2023-10-18
CI01078,C01474,CM0179,Like,2025-02-06
CI01079,C00830,CM0107,View,2025-03-22
CI01080,C04512,CM0043,Share,2024-08-23
CI01081,C04919,CM0121,Click,2024-09-08
CI01082,C02445,CM0034,Like,2024-03-23
CI01083,C02419,CM0200,Click,2024-09-17
CI01084,C01877,CM0126,Share,2025-04-28
CI01085,C02854,CM0109,Like,2025-05-23
CI01086,C01057,CM0114,View,2024-03-10
CI01087,C04016,CM0125,Share,2023-12-05
CI01088,C04062,CM0118,Like,2023-12-09
CI01089,C02748,CM0052,View,2025-06-11
CI01090,C03057,CM0067,Like,2024-04-03
CI01091,C00493,CM0116,Share,2025-07-29
CI01092,C03045,CM0021,Share,2024-01-08
CI01093,C04720,CM0188,Share,2024-09-19
CI01094,C00487,CM0016,Like,2024-08-05
CI01095,C03323,CM0009,Like,2025-06-10
CI01096,C04618,CM0095,Click,2024-10-11
CI01097,C01210,CM0170,Click,2024-09-12
CI01098,C03780,CM0191,View,2025-02-26
CI01099,C03653,CM0178,View,2025-01-16
CI01100,C00386,CM0061,Share,2025-08-12
CI01101,C02684,CM0068,View,2024-07-16
CI01102,C03688,CM0021,Like,2024-05-25
CI01103,C03990,CM0188,Like,2024-07-15
CI01104,C04934,CM0039,Share,2024-09-16
CI01105,C03702,CM0091,Like,2025-09-12
CI01106,C02001,CM0196,View,2025-01-20
CI01107,C01159,CM0037,Share,2023-11-16
CI01108,C04175,CM0169,Like,2024-05-17
CI01109,C03974,CM0018,Share,2024-05-25
CI01110,C04625,CM0161,Click,2025-03-09
CI01111,C00731,CM0091,View,2025-09-28
CI01112,C03337,CM0101,Click,2024-10-15
CI01113,C04232,CM0157,Click,2024-03-14
CI01114,C01974,CM0091,Share,2024-02-22
CI01115,C01600,CM0178,Share,2025-09-10
CI01116,C04879,CM0079,Share,2025-09-01
CI01117,C02564,CM0028,Like,2024-04-20
CI01118,C01443,CM0196,View,2024-09-22
CI01119,C00922,CM0056,View,2024-09-23
CI01120,C04266,CM0177,Like,2025-08-09
CI01121,C03916,CM0171,Click,2024-11-11
CI01122,C00268,CM0152,Click,2024-06-19
CI01123,C03248,CM0092,Like,2025-06-12
CI01124,C03056,CM0007,Share,2024-02-12
CI01125,C03818,CM0179,Share,2025-07-11
CI01126,C01750,CM0170,Share,2024-06-23
CI01127,C02115,CM0061,Share,2023-12-20
CI01128,C04203,CM0037,View,2024-08-06
CI01129,C02631,CM0154,Share,2024-04-26
CI01130,C02137,CM0095,View,2024-06-08
CI01131,C02449,CM0165,Share,2025-09-06
CI01132,C04273,CM0068,Like,2024-04-07
CI01133,C04659,CM0192,Click,2024-10-27
CI01134,C02011,CM0123,Click,2023-11-21
CI01135,C03966,CM0078,View,2024-12-10
CI01136,C02715,CM0037,Click,2025-03-20
CI01137,C03114,CM0188,View,2024-05-30
CI01138,C04124,CM0093,Click,2024-02-20
CI01139,C04576,CM0156,Like,2024-01-19
CI01140,C01431,CM0166,View,2024-07-01
CI01141,C04722,CM0073,Click,2024-05-10
CI01142,C01518,CM0019,Like,2024-07-03
CI01143,C02878,CM0069,Share,2024-07-09
CI01144,C02702,CM0045,Share,2024-12-10
CI01145,C03351,CM0106,View,2025-03-30
CI01146,C00464,CM0005,Like,2025-07-01
CI01147,C00587,CM0166,Click,2024-07-10
CI01148,C01542,CM0189,Share,2024-03-01
CI01149,C01740,CM0068,Like,2024-09-09
CI01150,C01123,CM0079,View,2024-05-18
CI01151,C02559,CM0005,Click,2024-09-21
CI01152,C03605,CM0044,View,2023-11-08
CI01153,C00769,CM0143,Like,2024-05-19
CI01154,C03588,CM0137,Click,2024-05-02
CI01155,C02770,CM0101,View,2024-01-27
CI01156,C00882,CM0183,View,2024-03-26
CI01157,C00054,CM0057,Like,2023-10-22
CI01158,C02789,CM0016,Like,2024-08-15
CI01159,C03754,CM0130,Click,2025-08-17
CI01160,C01908,CM0045,Like,2024-03-30
CI01161,C00510,CM0084,View,2023-11-01
CI01162,C04825,CM0077,Share,2024-10-30
CI01163,C04633,CM0151,View,2023-12-23
CI01164,C02676,CM0096,View,2023-12-14
CI01165,C01208,CM0045,Share,2025-06-10
CI01166,C02137,CM0107,Like,2025-09-18
CI01167,C00276,CM0031,View,2024-05-12
CI01168,C01758,CM0076,Share,2024-08-18
CI01169,C03923,CM0194,View,2024-10-22
CI01170,C03950,CM0015,Share,2025-03-31
CI01171,C03982,CM0192,Like,2024-06-02
CI01172,C02332,CM0082,Click,2024-09-11
CI01173,C01992,CM0110,Share,2023-10-12
CI01174,C02747,CM0030,Share,2024-08-11
CI01175,C02638,CM0165,Click,2024-02-09
CI01176,C04880,CM0195,Click,2024-10-16
CI01177,C01700,CM0050,View,2024-07-13
CI01178,C04422,CM0077,Share,2025-05-03
CI01179,C02265,CM0128,Like,2025-03-22
CI01180,C03902,CM0009,Like,2025-06-17
CI01181,C04625,CM0147,Share,2024-07-26
CI01182,C02744,CM0136,Share,2025-09-03
CI01183,C02659,CM0141,View,2024-06-21
CI01184,C01653,CM0138,Click,2023-10-24
CI01185,C01522,CM0190,Share,2024-12-31
CI01186,C02884,CM0135,Share,2025-03-03
CI01187,C00261,CM0036,Share,2023-12-26
CI01188,C04903,CM0114,Like,2023-10-27
CI01189,C00463,CM0149,View,2024-11-11
CI01190,C02109,CM0079,View,2025-09-23
CI01191,C00833,CM0116,Like,2025-02-19
CI01192,C00518,CM0133,Like,2025-02-02
CI01193,C04730,CM0195,Share,2024-11-21
CI01194,C02538,CM0029,Share,2025-03-25
CI01195,C03047,CM0117,View,2024-04-07
CI01196,C00422,CM0080,Click,2025-07-27
CI01197,C03231,CM0070,Click,2025-05-20
CI01198,C02727,CM0170,View,2023-10-16
CI01199,C04185,CM0045,View,2025-08-21
CI01200,C00896,CM0160,View,2024-10-28
CI01201,C03716,CM0189,Like,2025-08-01
CI01202,C00389,CM0184,View,2025-06-08
CI01203,C01383,CM0157,Share,2024-08-21
CI01204,C02980,CM0122,Share,2024-03-12
CI01205,C03553,CM0168,Click,2024-05-11
CI01206,C03437,CM0195,View,2024-10-29
CI01207,C03484,CM0043,Click,2023-11-18
CI01208,C03684,CM0001,Click,2025-04-08
CI01209,C03240,CM0182,View,2025-08-18
CI01210,C04194,CM0100,Like,2024-08-07
CI01211,C00200,CM0111,Like,2024-09-25
CI01212,C01673,CM0175,Share,2024-06-06
CI01213,C02104,CM0128,View,2024-01-21
CI01214,C03038,CM0200,View,2024-04-17
CI01215,C03812,CM0086,View,2025-10-04
CI01216,C02704,CM0009,Like,2025-05-21
CI01217,C04602,CM0087,Share,2023-12-06
CI01218,C01797,CM0178,Like,2025-07-27
CI01219,C03032,CM0054,Share,2025-07-08
CI01220,C04854,CM0038,Like,2025-09-03
CI01221,C00507,CM0012,View,2025-08-07
CI01222,C00668,CM0163,Click,2025-09-04
CI01223,C00964,CM0014,Click,2024-09-17
CI01224,C00286,CM0070,Like,2024-02-12
CI01225,C04255,CM0062,Click,2024-04-19
CI01226,C01635,CM0172,Like,2025-04-17
CI01227,C01218,CM0062,View,2024-01-09
CI01228,C04734,CM0076,Share,2024-04-23
CI01229,C04831,CM0045,View,2024-06-20
CI01230,C02630,CM0011,Like,2024-02-27
CI01231,C00560,CM0096,Share,2025-04-22
CI01232,C01629,CM0008,View,2023-11-27
CI01233,C02681,CM0192,View,2023-10-05
CI01234,C01225,CM0007,Share,2024-02-07
CI01235,C03576,CM0056,Like,2023-10-12
CI01236,C04111,CM0158,Click,2025-09-13
CI01237,C01579,CM0181,View,2025-04-28
CI01238,C01212,CM0110,Share,2025-02-03
CI01239,C01509,CM0081,View,2024-04-16
CI01240,C04841,CM0130,Like,2024-02-08
CI01241,C03283,CM0044,View,2025-04-30
CI01242,C00610,CM0113,Click,2025-09-09
CI01243,C04871,CM0047,Like,2025-02-06
CI01244,C01502,CM0156,View,2025-05-11
CI01245,C00043,CM0002,Click,2023-12-14
CI01246,C04062,CM0124,Click,2025-06-20
CI01247,C04564,CM0084,Click,2025-08-12
CI01248,C04550,CM0190,Click,2024-12-02
CI01249,C00591,CM0046,Click,2024-03-18
CI01250,C00040,CM0149,Click,2025-07-19
CI01251,C04966,CM0113,Share,2025-06-13
CI01252,C01261,CM0087,Like,2024-10-06
CI01253,C04847,CM0105,Click,2024-02-12
CI01254,C03744,CM0138,Like,2024-04-09
CI01255,C04477,CM0014,Share,2024-11-05
CI01256,C01269,CM0010,Share,2025-01-09
CI01257,C01707,CM0142,Like,2024-11-19
CI01258,C04296,CM0115,View,2024-03-01
CI01259,C01354,CM0163,View,2023-10-25
CI01260,C01893,CM0111,View,2023-12-11
CI01261,C00741,CM0003,Share,2025-06-03
CI01262,C04231,CM0171,Click,2024-10-21
CI01263,C00707,CM0111,View,2025-02-28
CI01264,C04814,CM0031,Like,2023-11-02
CI01265,C03352,CM0108,Like,2024-05-25
CI01266,C01372,CM0142,View,2024-06-26
CI01267,C02378,CM0109,Share,2024-01-14
CI01268,C02542,CM0132,Share,2024-05-06
CI01269,C01871,CM0009,View,2025-05-16
CI01270,C02602,CM0167,Share,2025-08-10
CI01271,C02364,CM0007,Click,2023-10-10
CI01272,C03251,CM0136,View,2024-01-01
CI01273,C02014,CM0090,Like,2025-05-28
CI01274,C04017,CM0058,Like,2023-12-03
CI01275,C03500,CM0035,View,2025-03-15
CI01276,C01568,CM0162,View,2024-01-20
CI01277,C01609,CM0033,Share,2024-03-15
CI01278,C04826,CM0126,Click,2025-04-11
CI01279,C03638,CM0163,Click,2025-04-20
CI01280,C03387,CM0192,Like,2024-01-20
CI01281,C00413,CM0131,Share,2023-12-19
CI01282,C03859,CM0154,Share,2024-12-05
CI01283,C00362,CM0181,Like,2024-02-11
CI01284,C04174,CM0070,Like,2024-06-13
CI01285,C01179,CM0081,Share,2024-12-19
CI01286,C01951,CM0045,Share,2024-05-16
CI01287,C01417,CM0152,Like,2023-11-15
CI01288,C01259,CM0151,Share,2024-10-30
CI01289,C00915,CM0081,Like,2023-11-13
CI01290,C02314,CM0115,View,2025-05-26
CI01291,C01242,CM0147,View,2025-02-11
CI01292,C00008,CM0075,Like,2024-11-24
CI01293,C04808,CM0068,Click,2025-06-26
CI01294,C02924,CM0090,Share,2024-04-30
CI01295,C02873,CM0091,Share,2024-06-26
CI01296,C04290,CM0023,Share,2024-06-02
CI01297,C01740,CM0022,Like,2023-11-20
CI01298,C03488,CM0054,Click,2025-03-25
CI01299,C01750,CM0046,View,2025-06-22
CI01300,C01433,CM0151,View,2025-05-20
CI01301,C01794,CM0135,View,2024-10-21
CI01302,C03354,CM0004,Share,2025-08-15
CI01303,C00329,CM0113,Like,2025-04-04
CI01304,C03477,CM0147,Share,2025-05-25
CI01305,C02233,CM0112,Share,2024-10-22
CI01306,C01962,CM0088,Like,2024-07-08
CI01307,C01039,CM0048,Share,2024-10-07
CI01308,C02316,CM0139,Like,2024-01-21
CI01309,C03798,CM0031,Like,2025-09-08
CI01310,C01596,CM0091,Click,2024-03-08
CI01311,C03057,CM0048,Like,2025-04-17
CI01312,C01660,CM0021,Click,2025-06-30
CI01313,C02368,CM0046,View,2023-11-21
CI01314,C01367,CM0026,View,2025-05-04
CI01315,C02514,CM0057,Like,2024-04-07
CI01316,C04062,CM0069,Share,2024-08-22
CI01317,C03699,CM0038,View,2024-10-01
CI01318,C03256,CM0188,Like,2025-03-12
CI01319,C02569,CM0149,View,2024-11-05
CI01320,C04758,CM0134,View,2023-11-21
CI01321,C00317,CM0104,Share,2024-06-10
CI01322,C03227,CM0146,Like,2025-06-01
CI01323,C04865,CM0028,Share,2025-10-04
CI01324,C00097,CM0195,Like,2024-08-11
CI01325,C03102,CM0111,Click,2025-06-09
CI01326,C03682,CM0052,View,2025-02-28
CI01327,C02098,CM0183,View,2024-05-02
CI01328,C02193,CM0197,Like,2025-04-14
CI01329,C03716,CM0012,Click,2024-05-04
CI01330,C01928,CM0134,Like,2023-10-17
CI01331,C02179,CM0131,View,2024-12-09
CI01332,C03816,CM0158,Share,2025-02-07
CI01333,C01855,CM0043,View,2025-09-16
CI01334,C03938,CM0125,Like,2024-07-15
CI01335,C02031,CM0049,Share,2024-02-09
CI01336,C02763,CM0158,Like,2025-07-09
CI01337,C03166,CM0114,Click,2025-07-24
CI01338,C02187,CM0042,View,2025-05-26
CI01339,C01171,CM0036,Click,2025-06-08
CI01340,C03480,CM0032,Share,2025-08-17
CI01341,C00620,CM0078,Share,2025-06-26
CI01342,C04300,CM0175,Share,2024-03-04
CI01343,C04403,CM0193,View,2024-02-16
CI01344,C03640,CM0004,Like,2024-01-27
CI01345,C04261,CM0021,Click,2023-12-27
CI01346,C03857,CM0116,View,2024-01-13
CI01347,C01186,CM0199,View,2024-11-29
CI01348,C04717,CM0064,Share,2024-07-03
CI01349,C00418,CM0081,Share,2024-02-04
CI01350,C03482,CM0063,View,2025-06-04
CI01351,C03366,CM0156,Like,2025-04-12
CI01352,C02343,CM0168,Click,2025-03-11
CI01353,C04830,CM0062,Click,2025-03-29
CI01354,C02826,CM0015,Share,2023-11-02
CI01355,C01512,CM0195,View,2024-01-22
CI01356,C01955,CM0043,Like,2023-11-12
CI01357,C02444,CM0200,Click,2024-07-12
CI01358,C04290,CM0054,Share,2025-04-13
CI01359,C04114,CM0103,Share,2025-06-21
CI01360,C02749,CM0183,Like,2025-08-28
CI01361,C01888,CM0125,Share,2025-05-29
CI01362,C01535,CM0094,Click,2024-01-19
CI01363,C00849,CM0062,Share,2025-07-10
CI01364,C00620,CM0026,Like,2024-07-15
CI01365,C04710,CM0174,Share,2024-06-23
CI01366,C01999,CM0116,View,2024-05-26
CI01367,C04996,CM0078,Like,2023-11-12
CI01368,C04287,CM0143,Share,2025-05-14
CI01369,C01609,CM0198,Share,2025-09-20
CI01370,C03665,CM0074,Share,2025-07-06
CI01371,C02650,CM0112,View,2024-10-02
CI01372,C03233,CM0122,View,2024-11-13
CI01373,C03983,CM0163,Like,2024-01-11
CI01374,C02082,CM0083,View,2025-07-21
CI01375,C03015,CM0190,View,2023-10-10
CI01376,C00350,CM0141,Like,2024-04-05
CI01377,C02015,CM0010,Like,2023-12-14
CI01378,C04795,CM0167,Share,2024-03-07
CI01379,C03547,CM0131,Like,2025-09-17
CI01380,C03922,CM0112,View,2024-11-06
CI01381,C02645,CM0044,Like,2024-02-11
CI01382,C00588,CM0153,Click,2024-09-15
CI01383,C00565,CM0146,Like,2024-05-12
CI01384,C02125,CM0058,Click,2024-01-13
CI01385,C02535,CM0038,Like,2025-01-14
CI01386,C03362,CM0158,Click,2023-10-19
CI01387,C00332,CM0095,Like,2025-04-21
CI01388,C03019,CM0100,Click,2023-10-07
CI01389,C02303,CM0096,Click,2025-09-22
CI01390,C02605,CM0007,Click,2025-09-25
CI01391,C01600,CM0169,Share,2024-11-05
CI01392,C02700,CM0101,Like,2024-02-08
CI01393,C00250,CM0167,Click,2024-11-14
CI01394,C00314,CM0139,View,2025-09-15
CI01395,C01968,CM0045,Share,2025-02-10
CI01396,C04672,CM0197,View,2023-10-19
CI01397,C02728,CM0056,Share,2024-09-18
CI01398,C02325,CM0028,Click,2023-10-08
CI01399,C00112,CM0012,Click,2025-01-02
CI01400,C00636,CM0025,Click,2024-10-07
CI01401,C04710,CM0019,View,2025-09-20
CI01402,C00155,CM0003,Share,2024-11-12
CI01403,C01155,CM0030,Share,2025-02-06
CI01404,C02913,CM0003,Share,2024-04-03
CI01405,C02252,CM0107,View,2024-10-13
CI01406,C00116,CM0169,Like,2025-02-25
CI01407,C02823,CM0117,Click,2025-02-02
CI01408,C04662,CM0087,Share,2023-11-13
CI01409,C02378,CM0017,Share,2024-03-20
CI01410,C03137,CM0010,Click,2024-02-27
CI01411,C04521,CM0046,Click,2024-11-19
CI01412,C02148,CM0042,Share,2025-09-10
CI01413,C04471,CM0018,View,2025-02-24
CI01414,C00295,CM0191,View,2025-04-30
CI01415,C00460,CM0060,Like,2024-11-30
CI01416,C02946,CM0134,Like,2025-07-09
CI01417,C04484,CM0154,Share,2024-08-15
CI01418,C02879,CM0079,Click,2025-08-12
CI01419,C00773,CM0107,View,2025-04-06
CI01420,C02186,CM0075,Like,2024-06-09
CI01421,C04151,CM0002,Share,2024-10-05
CI01422,C04196,CM0091,Share,2024-06-06
CI01423,C02054,CM0060,View,2024-03-12
CI01424,C01601,CM0090,Click,2024-09-28
CI01425,C02785,CM0061,Share,2024-06-09
CI01426,C04775,CM0077,Like,2024-05-02
CI01427,C03547,CM0004,Share,2025-03-08
CI01428,C01990,CM0124,Share,2023-10-05
CI01429,C02309,CM0165,View,2025-02-06
CI01430,C00953,CM0070,Click,2024-10-06
CI01431,C01999,CM0083,View,2025-04-04
CI01432,C02102,CM0019,Like,2025-08-26
CI01433,C00488,CM0146,Like,2025-07-23
CI01434,C01476,CM0120,Share,2025-09-29
CI01435,C02489,CM0032,Share,2024-10-30
CI01436,C04545,CM0034,Like,2025-10-04
CI01437,C03514,CM0170,View,2024-03-27
CI01438,C02559,CM0081,Like,2024-05-15
CI01439,C03924,CM0027,View,2025-06-19
CI01440,C02404,CM0186,Like,2025-06-11
CI01441,C01337,CM0070,View,2024-12-15
CI01442,C03242,CM0136,Share,2025-03-13
CI01443,C02180,CM0171,View,2025-02-16
CI01444,C03634,CM0083,Share,2024-01-23
CI01445,C04703,CM0148,Like,2024-05-19
CI01446,C01507,CM0049,Like,2024-04-25
CI01447,C02906,CM0193,Share,2024-10-13
CI01448,C04733,CM0116,Share,2024-08-12
CI01449,C03666,CM0077,View,2023-12-04
CI01450,C04103,CM0185,Click,2025-07-31
CI01451,C03903,CM0157,Click,2024-05-09
CI01452,C00702,CM0096,Share,2025-01-02
CI01453,C01978,CM0066,Like,2025-09-07
CI01454,C04133,CM0097,View,2024-09-30
CI01455,C00602,CM0120,Like,2024-09-06
CI01456,C00806,CM0080,Like,2024-10-12
CI01457,C01001,CM0007,Click,2025-01-02
CI01458,C00209,CM0187,View,2023-10-18
CI01459,C01865,CM0173,Like,2025-05-03
CI01460,C04796,CM0134,Like,2024-05-11
CI01461,C01949,CM0001,Click,2025-04-25
CI01462,C04644,CM0146,View,2025-04-30
CI01463,C01888,CM0039,Share,2024-06-08
CI01464,C04019,CM0188,View,2024-05-20
CI01465,C02713,CM0096,Click,2024-05-23
CI01466,C02302,CM0026,Like,2025-01-18
CI01467,C00485,CM0064,View,2025-04-12
CI01468,C02034,CM0054,Like,2024-12-04
CI01469,C04665,CM0074,Click,2024-01-01
CI01470,C02268,CM0096,View,2023-11-19
CI01471,C04541,CM0037,View,2025-03-16
CI01472,C03256,CM0095,Click,2024-02-13
CI01473,C03993,CM0175,Click,2023-10-23
CI01474,C01398,CM0116,Click,2023-11-26
CI01475,C04152,CM0159,Click,2024-07-20
CI01476,C00674,CM0060,View,2025-02-11
CI01477,C04938,CM0019,Like,2025-05-18
CI01478,C03908,CM0061,View,2024-10-25
CI01479,C03219,CM0172,Click,2024-05-19
CI01480,C03369,CM0061,Like,2025-09-25
CI01481,C03728,CM0135,Click,2024-08-07
CI01482,C01269,CM0176,View,2024-08-31
CI01483,C03441,CM0034,Click,2025-02-18
CI01484,C04412,CM0126,Share,2024-10-12
CI01485,C02035,CM0123,View,2023-11-03
CI01486,C01201,CM0017,Like,2024-03-04
CI01487,C00927,CM0089,Share,2024-03-17
CI01488,C04638,CM0112,Share,2024-07-16
CI01489,C03498,CM0053,Like,2024-04-13
CI01490,C03100,CM0090,View,2025-08-05
CI01491,C04621,CM0036,Click,2023-12-19
CI01492,C01393,CM0144,Like,2025-05-11
CI01493,C03999,CM0080,View,2024-05-24
CI01494,C03960,CM0037,Share,2025-05-07
CI01495,C04824,CM0140,Share,2024-02-04
CI01496,C01293,CM0176,View,2024-02-22
CI01497,C04681,CM0177,Share,2024-10-29
CI01498,C03740,CM0142,Share,2025-02-08
CI01499,C03683,CM0047,Share,2024-10-14
CI01500,C03867,CM0188,Like,2025-06-23
CI01501,C04028,CM0051,Click,2023-11-24
CI01502,C00250,CM0184,View,2024-11-10
CI01503,C00605,CM0200,View,2023-12-15
CI01504,C03558,CM0181,Click,2025-01-18
CI01505,C01383,CM0044,View,2023-10-25
CI01506,C04389,CM0025,Share,2024-05-11
CI01507,C00066,CM0099,Share,2024-09-16
CI01508,C03999,CM0120,Share,2023-12-31
CI01509,C00102,CM0187,Share,2023-12-10
CI01510,C03736,CM0026,Like,2024-12-15
CI01511,C02621,CM0048,Like,2024-06-11
CI01512,C01701,CM0079,View,2024-01-08
CI01513,C00110,CM0110,View,2024-08-13
CI01514,C04291,CM0140,View,2024-03-23
CI01515,C02152,CM0004,Like,2025-07-28
CI01516,C01816,CM0043,View,2024-04-30
CI01517,C03871,CM0113,Like,2025-02-13
CI01518,C02783,CM0131,Share,2024-12-17
CI01519,C02441,CM0014,Share,2025-04-01
CI01520,C02731,CM0019,Like,2025-04-24
CI01521,C03190,CM0077,Like,2023-11-13
CI01522,C01386,CM0068,View,2023-10-30
CI01523,C04493,CM0125,Like,2024-10-19
CI01524,C01081,CM0174,View,2025-06-25
CI01525,C04454,CM0071,Like,2025-07-16
CI01526,C03349,CM0080,Click,2024-05-11
CI01527,C02145,CM0067,Share,2024-09-07
CI01528,C00086,CM0109,Share,2024-02-18
CI01529,C03398,CM0166,View,2024-11-11
CI01530,C01722,CM0154,Click,2025-01-10
CI01531,C04139,CM0151,Click,2024-12-22
CI01532,C02244,CM0127,Share,2025-05-27
CI01533,C04676,CM0097,View,2024-09-21
CI01534,C00960,CM0028,View,2023-10-30
CI01535,C01583,CM0058,View,2025-01-06
CI01536,C03907,CM0051,View,2024-02-04
CI01537,C01675,CM0139,Share,2024-06-28
CI01538,C02669,CM0059,Like,2025-07-12
CI01539,C03932,CM0026,View,2025-07-19
CI01540,C04574,CM0186,Share,2025-07-24
CI01541,C00134,CM0039,Share,2025-08-19
CI01542,C03485,CM0048,Click,2024-08-25
CI01543,C03643,CM0190,Click,2023-10-14
CI01544,C00194,CM0165,View,2024-06-17
CI01545,C02967,CM0143,View,2025-08-27
CI01546,C01690,CM0137,View,2024-04-05
CI01547,C04097,CM0105,View,2025-01-03
CI01548,C02653,CM0178,Like,2025-02-18
CI01549,C02705,CM0178,View,2025-09-09
CI01550,C00029,CM0099,Share,2024-10-10
CI01551,C02182,CM0169,View,2023-11-28
CI01552,C02597,CM0181,Click,2025-01-14
CI01553,C01944,CM0180,Like,2025-05-18
CI01554,C00595,CM0019,Share,2025-05-28
CI01555,C01888,CM0160,Like,2024-11-18
CI01556,C00888,CM0083,View,2025-05-12
CI01557,C03112,CM0037,Like,2024-10-06
CI01558,C01537,CM0032,Click,2024-12-28
CI01559,C04457,CM0037,View,2025-06-18
CI01560,C01141,CM0011,Like,2023-12-15
CI01561,C00235,CM0009,View,2025-03-28
CI01562,C03388,CM0125,Click,2023-11-16
CI01563,C01729,CM0020,View,2024-01-30
CI01564,C04744,CM0087,Share,2025-08-28
CI01565,C04250,CM0104,Like,2025-04-10
CI01566,C04993,CM0182,Click,2024-09-10
CI01567,C04650,CM0041,View,2025-08-26
CI01568,C02492,CM0092,Like,2024-07-23
CI01569,C02988,CM0167,View,2025-03-24
CI01570,C03626,CM0200,View,2025-07-18
CI01571,C01898,CM0199,Share,2024-03-02
CI01572,C01224,CM0015,View,2024-04-16
CI01573,C01358,CM0106,Click,2025-02-16
CI01574,C02475,CM0022,View,2025-09-06
CI01575,C03145,CM0069,Click,2025-04-26
CI01576,C04231,CM0173,View,2025-07-12
CI01577,C03944,CM0119,Click,2025-01-25
CI01578,C01988,CM0109,Like,2023-10-11
CI01579,C02695,CM0158,Click,2024-03-18
CI01580,C01743,CM0100,Like,2024-09-19
CI01581,C04529,CM0109,Share,2024-07-18
CI01582,C01781,CM0117,Share,2025-02-05
CI01583,C01511,CM0076,View,2024-12-02
CI01584,C01330,CM0128,Share,2024-05-25
CI01585,C01206,CM0123,Like,2024-10-09
CI01586,C03588,CM0148,Share,2025-05-28
CI01587,C00414,CM0044,View,2025-09-13
CI01588,C01929,CM0017,View,2025-09-18
CI01589,C01769,CM0129,Click,2024-08-27
CI01590,C03295,CM0051,Click,2025-05-13
CI01591,C02866,CM0068,View,2025-02-24
CI01592,C00967,CM0056,View,2025-09-05
CI01593,C00158,CM0182,View,2024-09-21
CI01594,C03815,CM0088,Like,2024-03-19
CI01595,C03027,CM0102,View,2024-02-09
CI01596,C01481,CM0114,View,2023-10-23
CI01597,C02677,CM0087,Like,2025-01-23
CI01598,C00952,CM0075,Like,2024-11-03
CI01599,C01651,CM0073,Like,2024-02-02
CI01600,C04653,CM0103,Share,2024-12-03
CI01601,C03907,CM0169,Like,2024-12-03
CI01602,C02454,CM0197,Share,2025-09-02
CI01603,C00554,CM0092,Share,2024-08-14
CI01604,C02589,CM0076,Click,2024-09-28
CI01605,C02577,CM0105,View,2025-09-28
CI01606,C01120,CM0134,Click,2024-04-17
CI01607,C02455,CM0150,View,2023-11-11
CI01608,C03964,CM0076,Like,2024-08-17
CI01609,C04914,CM0047,Click,2025-02-22
CI01610,C03192,CM0154,Share,2024-02-21
CI01611,C00417,CM0148,View,2025-04-18
CI01612,C04721,CM0099,Click,2024-12-17
CI01613,C04943,CM0017,Like,2024-03-17
CI01614,C01003,CM0086,Share,2024-08-02
CI01615,C01368,CM0023,View,2025-01-31
CI01616,C00240,CM0115,Share,2024-03-07
CI01617,C01651,CM0028,Click,2024-10-27
CI01618,C01473,CM0041,Like,2025-01-23
CI01619,C03358,CM0009,Share,2025-09-29
CI01620,C03357,CM0113,View,2024-01-20
CI01621,C04164,CM0197,Click,2023-10-10
CI01622,C00379,CM0014,View,2025-06-02
CI01623,C04740,CM0050,View,2024-01-24
CI01624,C02774,CM0059,View,2024-08-03
CI01625,C00660,CM0192,View,2025-01-23
CI01626,C02378,CM0167,Share,2025-06-17
CI01627,C04943,CM0023,Like,2025-04-18
CI01628,C02305,CM0162,Like,2024-03-23
CI01629,C04062,CM0193,View,2025-03-02
CI01630,C03192,CM0115,View,2024-10-31
CI01631,C02077,CM0197,Like,2024-11-01
CI01632,C03532,CM0048,Like,2024-05-05
CI01633,C01087,CM0099,View,2023-12-17
CI01634,C04625,CM0071,View,2024-07-11
CI01635,C01548,CM0138,Click,2024-01-16
CI01636,C03623,CM0070,View,2024-05-29
CI01637,C03222,CM0175,Share,2025-05-23
CI01638,C01201,CM0031,Share,2024-11-07
CI01639,C02817,CM0191,Click,2024-11-10
CI01640,C00415,CM0168,View,2025-08-07
CI01641,C00015,CM0015,Like,2024-05-12
CI01642,C00529,CM0144,View,2024-07-24
CI01643,C04153,CM0171,Share,2025-09-14
CI01644,C01434,CM0158,Click,2024-08-27
CI01645,C01159,CM0182,View,2025-06-07
CI01646,C01800,CM0042,Click,2023-11-04
CI01647,C04746,CM0096,View,2024-09-02
CI01648,C00055,CM0088,Like,2025-05-13
CI01649,C00217,CM0074,Share,2025-01-25
CI01650,C01337,CM0177,Like,2025-06-06
CI01651,C01271,CM0063,Share,2024-05-17
CI01652,C01957,CM0137,Share,2024-02-29
CI01653,C01388,CM0006,Click,2024-07-17
CI01654,C04126,CM0156,Click,2025-08-31
CI01655,C02153,CM0026,View,2023-10-22
CI01656,C00647,CM0152,Click,2025-02-26
CI01657,C03894,CM0043,View,2024-03-10
CI01658,C04191,CM0048,Share,2024-01-25
CI01659,C02007,CM0149,Like,2024-12-07
CI01660,C01406,CM0030,Like,2024-12-15
CI01661,C00795,CM0040,Like,2024-03-19
CI01662,C02778,CM0054,View,2025-01-02
CI01663,C04283,CM0011,Click,2024-01-19
CI01664,C04387,CM0161,View,2024-06-24
CI01665,C00264,CM0092,Like,2024-06-01
CI01666,C04582,CM0154,Click,2024-10-30
CI01667,C01347,CM0091,Share,2024-04-11
CI01668,C03826,CM0049,Like,2024-12-21
CI01669,C04472,CM0178,Click,2024-12-17
CI01670,C03989,CM0124,Share,2024-04-15
CI01671,C04043,CM0109,Share,2024-01-23
CI01672,C00040,CM0128,View,2024-11-25
CI01673,C02382,CM0043,Share,2024-03-02
CI01674,C04958,CM0047,Share,2023-11-13
CI01675,C01097,CM0012,Share,2025-06-02
CI01676,C04812,CM0199,Like,2024-07-14
CI01677,C03742,CM0143,View,2024-04-24
CI01678,C02155,CM0192,Share,2025-05-06
CI01679,C00152,CM0034,Like,2025-08-22
CI01680,C01872,CM0069,Share,2025-05-07
CI01681,C01230,CM0190,Share,2024-07-24
CI01682,C01500,CM0163,Share,2024-01-07
CI01683,C02622,CM0158,Click,2023-11-24
CI01684,C02503,CM0130,Share,2024-06-11
CI01685,C02749,CM0078,Like,2024-02-03
CI01686,C04907,CM0061,View,2025-06-29
CI01687,C03890,CM0003,View,2025-02-23
CI01688,C04234,CM0182,Share,2025-06-22
CI01689,C02542,CM0082,Like,2024-11-01
CI01690,C03329,CM0063,Like,2025-09-13
CI01691,C04338,CM0162,Share,2024-12-10
CI01692,C00913,CM0022,Click,2025-06-07
CI01693,C02029,CM0095,View,2024-01-28
CI01694,C03717,CM0115,Like,2025-01-13
CI01695,C01225,CM0113,Like,2024-07-28
CI01696,C04398,CM0098,Click,2025-01-03
CI01697,C04268,CM0040,View,2025-02-19
CI01698,C04927,CM0143,Like,2025-06-15
CI01699,C04773,CM0029,Click,2025-02-02
CI01700,C03214,CM0031,Like,2025-09-20
CI01701,C03779,CM0034,Share,2025-09-28
CI01702,C01134,CM0073,View,2024-03-28
CI01703,C03698,CM0098,Like,2023-10-16
CI01704,C00098,CM0176,Like,2025-09-15
CI01705,C00553,CM0053,Share,2024-08-08
CI01706,C04577,CM0155,Click,2024-12-09
CI01707,C02608,CM0158,View,2024-01-23
CI01708,C03376,CM0112,View,2024-10-12
CI01709,C04416,CM0050,Like,2025-07-12
CI01710,C02095,CM0010,Click,2024-07-23
CI01711,C02749,CM0165,Click,2025-10-03
CI01712,C00535,CM0014,View,2025-01-17
CI01713,C01602,CM0164,Share,2024-01-14
CI01714,C02542,CM0136,Like,2024-03-29
CI01715,C01563,CM0155,Click,2024-09-07
CI01716,C01773,CM0116,Click,2024-02-17
CI01717,C02296,CM0101,Share,2025-07-22
CI01718,C00417,CM0110,Like,2024-11-27
CI01719,C01399,CM0057,Like,2024-06-26
CI01720,C00235,CM0140,View,2023-11-29
CI01721,C01254,CM0031,Click,2025-01-23
CI01722,C04168,CM0078,Click,2024-12-07
CI01723,C00739,CM0151,View,2024-09-29
CI01724,C04630,CM0091,Share,2024-11-18
CI01725,C00960,CM0107,Click,2024-12-09
CI01726,C01611,CM0135,Click,2025-08-23
CI01727,C01700,CM0189,Like,2025-02-26
CI01728,C02413,CM0115,Click,2024-12-28
CI01729,C04437,CM0034,Like,2024-06-24
CI01730,C03921,CM0076,View,2024-05-10
CI01731,C04692,CM0173,Click,2025-04-12
CI01732,C03052,CM0004,View,2024-08-24
CI01733,C01558,CM0171,View,2024-11-21
CI01734,C01676,CM0163,Click,2024-03-12
CI01735,C04772,CM0056,Click,2024-03-21
CI01736,C02791,CM0143,Share,2023-12-05
CI01737,C03831,CM0005,Click,2025-09-27
CI01738,C01034,CM0092,Share,2025-09-07
CI01739,C02014,CM0045,View,2025-09-03
CI01740,C00282,CM0083,Like,2024-10-04
CI01741,C04877,CM0083,Like,2024-11-30
CI01742,C02069,CM0198,Like,2024-02-17
CI01743,C01852,CM0076,Click,2024-02-05
CI01744,C01604,CM0027,Like,2024-08-01
CI01745,C03154,CM0098,Share,2024-01-25
CI01746,C02525,CM0133,Share,2024-04-13
CI01747,C04418,CM0160,Click,2024-11-01
CI01748,C00717,CM0026,View,2024-11-16
CI01749,C03221,CM0086,Click,2025-01-21
CI01750,C01976,CM0113,Like,2024-12-04
CI01751,C04795,CM0004,Share,2024-02-27
CI01752,C03350,CM0108,Share,2025-02-25
CI01753,C03270,CM0106,View,2023-10-13
CI01754,C01678,CM0151,Share,2024-04-25
CI01755,C01490,CM0091,Click,2025-04-14
CI01756,C03193,CM0093,Share,2025-05-05
CI01757,C02158,CM0180,Like,2024-09-03
CI01758,C04991,CM0015,Click,2024-06-03
CI01759,C00840,CM0091,Click,2025-06-20
CI01760,C00005,CM0123,View,2024-07-12
CI01761,C03018,CM0065,Like,2025-01-28
CI01762,C04102,CM0115,Share,2025-05-12
CI01763,C03854,CM0102,Share,2024-09-15
CI01764,C02470,CM0135,Like,2025-02-21
CI01765,C02659,CM0154,Like,2024-10-31
CI01766,C01312,CM0059,Like,2024-09-05
CI01767,C02020,CM0076,Click,2024-03-07
CI01768,C01196,CM0125,Click,2024-06-11
CI01769,C02438,CM0174,View,2024-10-26
CI01770,C00022,CM0134,View,2024-10-30
CI01771,C02921,CM0013,Like,2025-05-20
CI01772,C01134,CM0102,Like,2025-08-17
CI01773,C02422,CM0192,Click,2024-01-02
CI01774,C04456,CM0082,Like,2024-08-17
CI01775,C03190,CM0096,Click,2024-05-19
CI01776,C03431,CM0151,Share,2025-01-18
CI01777,C02800,CM0154,View,2025-05-23
CI01778,C00449,CM0039,Share,2023-10-11
CI01779,C01220,CM0038,Click,2025-06-29
CI01780,C00677,CM0160,Click,2025-03-10
CI01781,C04982,CM0123,View,2024-09-28
CI01782,C04420,CM0077,Like,2024-10-08
CI01783,C03617,CM0007,Click,2023-11-09
CI01784,C02691,CM0026,Click,2025-05-05
CI01785,C04207,CM0013,Click,2025-01-11
CI01786,C01272,CM0195,Click,2025-05-14
CI01787,C03210,CM0145,View,2025-02-13
CI01788,C04750,CM0079,Share,2025-10-03
CI01789,C04925,CM0043,Click,2025-08-12
CI01790,C01389,CM0097,Click,2024-09-04
CI01791,C01545,CM0064,Click,2025-02-03
CI01792,C02695,CM0135,Click,2024-06-19
CI01793,C03644,CM0103,Share,2025-06-07
CI01794,C01526,CM0079,Click,2024-05-13
CI01795,C03118,CM0180,Click,2025-07-28
CI01796,C02547,CM0161,Click,2024-08-24
CI01797,C02081,CM0090,View,2025-06-12
CI01798,C00749,CM0149,Like,2024-09-19
CI01799,C02756,CM0044,Click,2025-09-01
CI01800,C03492,CM0032,Share,2025-02-02
CI01801,C01226,CM0005,Click,2023-12-12
CI01802,C04869,CM0154,View,2025-02-15
CI01803,C03601,CM0025,Click,2025-08-24
CI01804,C01198,CM0109,View,2025-07-15
CI01805,C03224,CM0105,View,2024-01-11
CI01806,C01797,CM0175,Click,2025-09-22
CI01807,C01991,CM0119,View,2024-09-23
CI01808,C00733,CM0069,Like,2025-01-07
CI01809,C01694,CM0047,Share,2024-08-22
CI01810,C00105,CM0104,Click,2025-04-03
CI01811,C00767,CM0024,Like,2025-04-29
CI01812,C03066,CM0132,View,2025-05-31
CI01813,C04644,CM0199,Like,2024-06-19
CI01814,C00822,CM0008,View,2024-07-23
CI01815,C03356,CM0143,Share,2025-08-02
CI01816,C02747,CM0175,Click,2024-10-25
CI01817,C01588,CM0135,Share,2025-08-09
CI01818,C04938,CM0068,Share,2024-07-12
CI01819,C00278,CM0106,View,2023-11-02
CI01820,C03478,CM0157,Like,2025-09-08
CI01821,C02014,CM0165,Share,2024-03-22
CI01822,C00375,CM0130,Click,2024-11-20
CI01823,C04353,CM0041,Like,2025-04-02
CI01824,C04527,CM0112,View,2024-10-13
CI01825,C04327,CM0166,Share,2025-10-04
CI01826,C04812,CM0039,Click,2024-07-19
CI01827,C00729,CM0161,Click,2024-04-13
CI01828,C04278,CM0139,Click,2025-02-08
CI01829,C03164,CM0077,Click,2025-08-05
CI01830,C01761,CM0097,Share,2025-03-14
CI01831,C04454,CM0044,Click,2023-12-01
CI01832,C02935,CM0168,View,2024-05-27
CI01833,C03891,CM0055,Like,2024-11-27
CI01834,C02244,CM0030,Share,2025-02-28
CI01835,C02574,CM0075,Share,2025-09-06
CI01836,C00789,CM0168,View,2025-08-16
CI01837,C01073,CM0039,Click,2024-07-26
CI01838,C01269,CM0062,Like,2024-06-20
CI01839,C04121,CM0039,Like,2023-12-10
CI01840,C01775,CM0092,Click,2024-06-14
CI01841,C03584,CM0026,Share,2023-10-23
CI01842,C02368,CM0011,Share,2024-01-06
CI01843,C03483,CM0146,Click,2024-01-10
CI01844,C01140,CM0146,Share,2025-01-06
CI01845,C02581,CM0087,Share,2023-11-08
CI01846,C04439,CM0061,Click,2024-01-11
CI01847,C03272,CM0008,View,2025-03-18
CI01848,C03490,CM0069,View,2025-07-24
CI01849,C01994,CM0166,Share,2024-05-20
CI01850,C00581,CM0131,Click,2025-05-25
CI01851,C01790,CM0019,Like,2024-11-26
CI01852,C03459,CM0163,Share,2024-11-29
CI01853,C03874,CM0043,View,2024-08-14
CI01854,C03245,CM0176,Like,2023-11-22
CI01855,C02452,CM0145,Click,2025-09-07
CI01856,C00630,CM0026,Share,2025-07-14
CI01857,C03967,CM0139,Click,2024-01-02
CI01858,C04991,CM0019,Click,2023-12-17
CI01859,C02528,CM0156,Click,2024-03-28
CI01860,C00152,CM0067,Click,2024-01-09
CI01861,C02166,CM0107,Click,2024-05-14
CI01862,C03887,CM0177,Click,2024-07-15
CI01863,C03533,CM0047,View,2024-08-20
CI01864,C02470,CM0131,Share,2025-06-12
CI01865,C03665,CM0173,Like,2025-01-27
CI01866,C03172,CM0058,View,2025-02-21
CI01867,C03941,CM0057,Click,2025-08-01
CI01868,C01581,CM0183,Click,2025-03-15
CI01869,C04112,CM0039,View,2024-07-14
CI01870,C00753,CM0120,View,2024-05-10
CI01871,C03046,CM0140,Like,2024-06-20
CI01872,C01000,CM0102,Share,2025-07-19
CI01873,C02556,CM0044,View,2024-05-18
CI01874,C04125,CM0015,Like,2024-06-25
CI01875,C03143,CM0073,Like,2024-11-20
CI01876,C04842,CM0147,Click,2025-09-09
CI01877,C04419,CM0040,Click,2023-12-15
CI01878,C00729,CM0133,Share,2024-07-16
CI01879,C02460,CM0078,Share,2024-07-30
CI01880,C02047,CM0137,Click,2025-05-06
CI01881,C02568,CM0040,Click,2023-12-31
CI01882,C00023,CM0023,Share,2023-11-09
CI01883,C01512,CM0182,Share,2023-11-17
CI01884,C02203,CM0126,Share,2024-04-21
CI01885,C01451,CM0002,Share,2024-11-11
CI01886,C01752,CM0167,Like,2025-08-10
CI01887,C03974,CM0146,Share,2023-12-12
CI01888,C02895,CM0029,View,2024-03-14
CI01889,C01276,CM0140,Like,2025-07-29
CI01890,C03923,CM0055,View,2024-02-20
CI01891,C01876,CM0170,View,2025-02-09
CI01892,C00962,CM0126,View,2025-09-19
CI01893,C02831,CM0009,Like,2024-11-06
CI01894,C01143,CM0162,View,2025-05-24
CI01895,C01135,CM0051,Like,2024-02-13
CI01896,C02642,CM0171,Share,2025-06-13
CI01897,C02047,CM0171,View,2025-08-17
CI01898,C03938,CM0125,Like,2024-07-25
CI01899,C04161,CM0085,Click,2024-02-04
CI01900,C00090,CM0025,Like,2025-01-02
CI01901,C01483,CM0125,Click,2025-09-24
CI01902,C03091,CM0192,View,2024-06-22
CI01903,C02330,CM0197,Share,2024-06-27
CI01904,C03736,CM0058,View,2024-10-31
CI01905,C01114,CM0166,Like,2023-10-30
CI01906,C02944,CM0129,Click,2024-10-31
CI01907,C04742,CM0017,Share,2023-12-12
CI01908,C00760,CM0094,Share,2024-09-24
CI01909,C04338,CM0081,Like,2024-12-11
CI01910,C01538,CM0132,Share,2023-12-12
CI01911,C01986,CM0199,Share,2025-01-18
CI01912,C04272,CM0002,Share,2024-08-17
CI01913,C04001,CM0056,Click,2024-05-10
CI01914,C01661,CM0120,Click,2025-07-23
CI01915,C02574,CM0041,View,2024-12-13
CI01916,C00894,CM0049,Share,2024-03-02
CI01917,C03572,CM0159,View,2024-06-23
CI01918,C04792,CM0154,View,2025-03-17
CI01919,C03025,CM0099,Like,2025-04-11
CI01920,C02225,CM0170,Click,2025-07-29
CI01921,C00405,CM0199,Like,2023-12-21
CI01922,C01063,CM0133,Share,2025-02-23
CI01923,C01377,CM0157,View,2023-12-08
CI01924,C03504,CM0192,Like,2025-04-11
CI01925,C03625,CM0005,Share,2025-07-16
CI01926,C00913,CM0080,View,2023-11-03
CI01927,C03409,CM0025,Click,2023-10-29
CI01928,C00644,CM0200,Share,2024-06-05
CI01929,C01302,CM0174,Like,2024-06-06
CI01930,C00484,CM0128,View,2025-08-06
CI01931,C01206,CM0014,Click,2025-02-28
CI01932,C03189,CM0155,Like,2025-02-13
CI01933,C02550,CM0196,Click,2024-07-15
CI01934,C01266,CM0145,Click,2025-04-04
CI01935,C04469,CM0050,View,2025-05-13
CI01936,C04080,CM0106,Like,2024-05-04
CI01937,C04863,CM0146,Share,2024-05-17
CI01938,C03305,CM0150,Click,2024-10-30
CI01939,C04030,CM0114,Click,2023-10-06
CI01940,C01915,CM0008,View,2025-04-05
CI01941,C00162,CM0003,View,2023-12-23
CI01942,C02427,CM0159,View,2025-08-28
CI01943,C04593,CM0103,View,2025-08-12
CI01944,C03745,CM0019,Share,2025-07-12
CI01945,C02931,CM0170,Click,2024-08-23
CI01946,C01263,CM0153,Click,2024-07-16
CI01947,C03697,CM0049,Click,2025-06-27
CI01948,C03810,CM0163,Click,2024-12-21
CI01949,C01231,CM0031,Share,2025-08-17
CI01950,C02678,CM0160,Like,2024-05-20
CI01951,C01086,CM0188,View,2025-03-11
CI01952,C00403,CM0071,View,2025-01-14
CI01953,C01861,CM0048,Like,2025-02-14
CI01954,C00387,CM0170,Share,2025-01-27
CI01955,C03325,CM0043,Click,2025-04-23
CI01956,C01532,CM0133,View,2025-07-03
CI01957,C02723,CM0116,Like,2025-04-06
CI01958,C00341,CM0052,Share,2024-03-06
CI01959,C01835,CM0041,Click,2025-04-06
CI01960,C01870,CM0066,View,2025-03-13
CI01961,C03228,CM0062,View,2025-06-27
CI01962,C00950,CM0180,Share,2025-06-17
CI01963,C02289,CM0109,Click,2024-02-15
CI01964,C03291,CM0078,Like,2025-05-13
CI01965,C03125,CM0178,View,2024-09-07
CI01966,C02332,CM0120,View,2025-03-17
CI01967,C04047,CM0064,View,2024-03-05
CI01968,C01080,CM0187,Share,2024-02-16
CI01969,C02569,CM0165,Share,2023-12-25
CI01970,C02234,CM0059,Click,2023-10-20
CI01971,C00393,CM0088,Share,2025-01-10
CI01972,C01422,CM0012,Click,2023-11-29
CI01973,C03464,CM0056,Like,2024-07-16
CI01974,C00236,CM0129,Click,2025-05-15
CI01975,C00471,CM0081,Share,2024-04-30
CI01976,C04177,CM0160,Share,2023-11-13
CI01977,C04638,CM0021,Share,2024-07-27
CI01978,C00944,CM0147,Share,2025-08-11
CI01979,C01857,CM0060,View,2025-03-08
CI01980,C00696,CM0189,Share,2025-03-23
CI01981,C03456,CM0047,Like,2024-04-28
CI01982,C02183,CM0033,Like,2025-08-18
CI01983,C00260,CM0200,Click,2025-08-16
CI01984,C02157,CM0022,Click,2023-10-14
CI01985,C01809,CM0072,View,2025-07-15
CI01986,C00318,CM0189,View,2025-06-01
CI01987,C01984,CM0102,View,2024-11-12
CI01988,C04716,CM0183,Like,2023-12-27
CI01989,C03443,CM0128,Click,2024-09-17
CI01990,C03112,CM0190,View,2025-01-03
CI01991,C04034,CM0125,Click,2024-09-30
CI01992,C04937,CM0007,Like,2024-12-09
CI01993,C00789,CM0119,Click,2025-09-09
CI01994,C04065,CM0097,Like,2024-10-23
CI01995,C03795,CM0124,View,2024-10-29
CI01996,C00821,CM0004,Click,2024-05-20
CI01997,C02542,CM0048,Click,2025-02-19
CI01998,C01804,CM0162,Share,2024-07-27
CI01999,C04840,CM0111,Click,2025-04-13
CI02000,C02857,CM0145,Like,2024-08-11
