redemption_id,customer_id,reward_type,points_spent,date
R00001,C03247,Gift Item,141,2024-02-29
R00002,C00950,Free Data,403,2024-07-25
R00003,C02588,Discount,144,2023-12-09
R00004,C00969,Free Data,21,2024-08-14
R00005,C04819,Discount,44,2024-09-05
R00006,C03289,Gift Item,479,2025-06-28
R00007,C03068,Gift Item,261,2024-09-17
R00008,C00893,Discount,379,2024-01-28
R00009,C02654,Gift Item,191,2024-04-17
R00010,C03897,Voucher,350,2024-08-30
R00011,C04443,Discount,129,2025-07-10
R00012,C00325,Free Data,453,2024-07-19
R00013,C01068,Voucher,22,2024-09-11
R00014,C00038,Voucher,467,2024-08-09
R00015,C01698,Voucher,79,2024-07-27
R00016,C01015,Voucher,357,2023-11-15
R00017,C04843,Voucher,209,2024-09-20
R00018,C02642,Voucher,412,2024-09-28
R00019,C02666,Free Data,164,2024-11-09
R00020,C03082,Discount,237,2024-02-25
R00021,C00132,Discount,267,2023-11-06
R00022,C01305,Voucher,33,2025-03-09
R00023,C04359,Discount,282,2025-07-07
R00024,C03540,Voucher,312,2024-05-15
R00025,C03031,Voucher,119,2024-03-24
R00026,C03482,Discount,476,2023-12-16
R00027,C00605,Gift Item,108,2023-12-13
R00028,C01548,Free Data,432,2025-03-17
R00029,C01079,Voucher,142,2024-04-16
R00030,C01709,Voucher,460,2024-09-28
R00031,C01905,Discount,270,2024-09-26
R00032,C00573,Discount,341,2024-02-10
R00033,C00238,Gift Item,294,2024-09-11
R00034,C04029,Free Data,208,2025-04-26
R00035,C02602,Discount,337,2024-02-05
R00036,C00246,Voucher,483,2024-01-31
R00037,C04260,Free Data,237,2023-11-02
R00038,C04773,Free Data,322,2023-10-14
R00039,C02318,Gift Item,247,2025-02-05
R00040,C04643,Discount,361,2024-08-24
R00041,C01209,Free Data,37,2024-04-16
R00042,C04389,Free Data,74,2025-01-22
R00043,C01261,Free Data,218,2025-07-06
R00044,C01751,Gift Item,424,2024-02-06
R00045,C02417,Free Data,221,2024-09-14
R00046,C02140,Voucher,40,2024-06-01
R00047,C02421,Discount,108,2024-12-20
R00048,C01072,Free Data,251,2024-09-09
R00049,C01741,Free Data,386,2025-08-09
R00050,C01684,Free Data,401,2023-11-11
R00051,C02050,Free Data,420,2025-05-27
R00052,C01909,Gift Item,17,2025-06-24
R00053,C04382,Voucher,273,2025-03-26
R00054,C00439,Discount,269,2025-08-13
R00055,C02853,Voucher,451,2024-08-13
R00056,C02370,Discount,178,2025-05-25
R00057,C03520,Voucher,94,2023-11-30
R00058,C02348,Free Data,398,2024-06-15
R00059,C00478,Voucher,247,2024-02-21
R00060,C03169,Voucher,121,2024-03-28
R00061,C03475,Gift Item,300,2024-01-02
R00062,C00709,Gift Item,495,2023-10-24
R00063,C04826,Free Data,127,2025-06-13
R00064,C04920,Voucher,410,2025-06-09
R00065,C02852,Free Data,91,2025-08-26
R00066,C00510,Discount,316,2024-08-14
R00067,C00293,Gift Item,423,2024-03-13
R00068,C04882,Discount,214,2025-10-01
R00069,C01863,Free Data,321,2023-11-13
R00070,C00458,Voucher,319,2024-10-03
R00071,C02469,Free Data,457,2025-05-12
R00072,C04592,Discount,164,2024-09-20
R00073,C01054,Voucher,12,2023-11-24
R00074,C03956,Discount,443,2024-12-17
R00075,C03891,Voucher,139,2023-10-25
R00076,C03143,Free Data,320,2024-01-10
R00077,C02403,Gift Item,187,2024-09-23
R00078,C00909,Gift Item,402,2025-06-06
R00079,C00612,Discount,300,2024-01-10
R00080,C04881,Gift Item,164,2025-03-04
R00081,C03868,Voucher,331,2025-08-13
R00082,C00719,Voucher,294,2024-10-24
R00083,C02832,Voucher,116,2024-10-10
R00084,C04599,Free Data,315,2024-10-14
R00085,C04125,Free Data,458,2025-06-29
R00086,C02176,Free Data,57,2024-03-31
R00087,C02888,Voucher,378,2024-01-18
R00088,C03261,Discount,176,2025-02-16
R00089,C02960,Gift Item,382,2024-09-20
R00090,C03623,Discount,47,2024-08-14
R00091,C02386,Free Data,47,2023-10-27
R00092,C01145,Free Data,189,2025-08-06
R00093,C00830,Discount,140,2023-10-13
R00094,C04864,Voucher,374,2023-12-05
R00095,C02503,Free Data,363,2025-01-06
R00096,C01393,Voucher,228,2025-03-20
R00097,C03921,Voucher,247,2024-07-13
R00098,C02964,Gift Item,382,2025-01-13
R00099,C02335,Free Data,82,2024-09-08
R00100,C04568,Free Data,411,2024-12-04
R00101,C04781,Free Data,144,2025-01-25
R00102,C02263,Gift Item,21,2023-12-12
R00103,C04311,Free Data,379,2025-01-30
R00104,C02038,Gift Item,211,2023-11-27
R00105,C01511,Discount,322,2025-05-25
R00106,C03801,Free Data,292,2025-05-08
R00107,C02287,Voucher,180,2024-05-24
R00108,C03049,Voucher,108,2025-08-14
R00109,C02264,Voucher,71,2024-03-22
R00110,C04865,Gift Item,350,2023-12-29
R00111,C04505,Voucher,298,2025-06-25
R00112,C03465,Voucher,477,2024-05-29
R00113,C03051,Discount,191,2024-06-15
R00114,C04737,Discount,378,2024-03-01
R00115,C03684,Voucher,214,2025-09-27
R00116,C02399,Free Data,183,2024-10-23
R00117,C04468,Voucher,441,2024-01-08
R00118,C00957,Voucher,99,2025-05-19
R00119,C01884,Free Data,82,2024-05-26
R00120,C03897,Gift Item,223,2025-08-17
R00121,C01729,Gift Item,349,2024-01-10
R00122,C02551,Gift Item,174,2024-06-25
R00123,C00388,Gift Item,144,2024-06-29
R00124,C02447,Gift Item,85,2023-11-24
R00125,C01571,Discount,498,2025-09-23
R00126,C01026,Voucher,288,2024-11-07
R00127,C01206,Gift Item,149,2025-07-19
R00128,C02851,Free Data,382,2024-12-03
R00129,C04134,Free Data,333,2024-05-07
R00130,C02868,Gift Item,210,2024-10-11
R00131,C02744,Gift Item,53,2024-06-08
R00132,C01492,Gift Item,361,2025-07-02
R00133,C04064,Discount,370,2025-08-10
R00134,C00646,Discount,440,2025-04-25
R00135,C01740,Voucher,67,2024-01-22
R00136,C00661,Voucher,388,2025-08-07
R00137,C03051,Discount,449,2024-10-23
R00138,C04812,Free Data,378,2025-04-23
R00139,C00536,Gift Item,225,2023-11-15
R00140,C03609,Gift Item,423,2024-10-20
R00141,C02554,Discount,112,2025-09-23
R00142,C04891,Free Data,394,2025-04-04
R00143,C04454,Gift Item,216,2024-03-29
R00144,C04222,Free Data,484,2024-02-16
R00145,C01519,Gift Item,263,2024-10-15
R00146,C04220,Discount,387,2024-08-24
R00147,C04120,Gift Item,305,2024-03-28
R00148,C00787,Free Data,311,2025-05-24
R00149,C03556,Voucher,143,2024-02-21
R00150,C00030,Discount,329,2025-01-18
R00151,C02311,Discount,123,2024-04-11
R00152,C02645,Gift Item,287,2025-06-29
R00153,C00301,Free Data,315,2024-04-02
R00154,C03039,Free Data,252,2024-10-06
R00155,C03211,Voucher,324,2025-04-23
R00156,C00829,Gift Item,260,2025-08-04
R00157,C00004,Discount,153,2024-03-28
R00158,C02116,Discount,179,2024-09-01
R00159,C02080,Free Data,274,2024-07-13
R00160,C01358,Free Data,353,2025-08-07
R00161,C03055,Voucher,217,2025-08-16
R00162,C03226,Discount,400,2024-12-04
R00163,C03105,Free Data,227,2025-03-04
R00164,C03637,Gift Item,216,2024-09-22
R00165,C01651,Free Data,68,2025-01-28
R00166,C02087,Discount,334,2025-08-12
R00167,C02919,Free Data,340,2024-11-02
R00168,C04687,Free Data,155,2024-02-11
R00169,C02640,Voucher,44,2024-06-11
R00170,C03820,Discount,456,2025-01-13
R00171,C01007,Discount,148,2024-04-12
R00172,C04505,Voucher,315,2024-03-04
R00173,C03259,Free Data,284,2025-04-09
R00174,C01236,Gift Item,404,2024-10-09
R00175,C03796,Gift Item,216,2024-06-19
R00176,C01860,Gift Item,476,2025-06-27
R00177,C02315,Free Data,467,2025-06-02
R00178,C03928,Free Data,422,2025-03-31
R00179,C02075,Free Data,31,2025-09-10
R00180,C01550,Free Data,181,2023-12-23
R00181,C02914,Discount,78,2025-07-21
R00182,C04707,Free Data,169,2025-01-10
R00183,C01735,Gift Item,441,2025-03-26
R00184,C02438,Free Data,125,2024-03-07
R00185,C03852,Discount,412,2024-01-20
R00186,C04828,Discount,491,2024-12-16
R00187,C04292,Voucher,213,2023-10-28
R00188,C02876,Gift Item,132,2024-05-05
R00189,C04180,Discount,498,2024-10-14
R00190,C00427,Discount,254,2024-01-07
R00191,C02659,Free Data,245,2025-01-23
R00192,C03640,Free Data,67,2025-06-13
R00193,C03885,Free Data,325,2024-12-13
R00194,C02815,Free Data,382,2025-05-16
R00195,C04485,Free Data,263,2025-08-15
R00196,C01443,Free Data,478,2024-02-19
R00197,C00360,Free Data,20,2023-12-31
R00198,C02391,Free Data,129,2024-11-12
R00199,C01178,Gift Item,349,2024-06-11
R00200,C00141,Discount,189,2025-04-26
R00201,C00167,Gift Item,242,2024-10-27
R00202,C04462,Free Data,376,2025-02-11
R00203,C04516,Voucher,210,2025-04-20
R00204,C00491,Voucher,123,2024-12-23
R00205,C00073,Voucher,167,2024-08-07
R00206,C01105,Voucher,50,2024-11-11
R00207,C01920,Discount,301,2024-10-03
R00208,C04282,Free Data,244,2024-05-07
R00209,C03417,Gift Item,144,2025-02-22
R00210,C03128,Discount,269,2025-01-13
R00211,C00698,Free Data,291,2025-02-24
R00212,C01104,Discount,411,2023-11-20
R00213,C04527,Voucher,166,2023-12-17
R00214,C00125,Voucher,104,2024-01-10
R00215,C03669,Voucher,50,2024-11-03
R00216,C03879,Free Data,271,2024-06-03
R00217,C02090,Discount,317,2024-09-01
R00218,C02276,Gift Item,314,2024-05-10
R00219,C01389,Gift Item,229,2025-03-20
R00220,C03337,Gift Item,77,2024-10-28
R00221,C04947,Voucher,324,2025-08-21
R00222,C02028,Gift Item,390,2025-01-08
R00223,C03008,Free Data,271,2024-12-02
R00224,C03634,Free Data,260,2024-04-01
R00225,C00768,Voucher,247,2025-06-06
R00226,C03669,Gift Item,217,2024-08-09
R00227,C04766,Free Data,242,2024-08-18
R00228,C01419,Voucher,438,2025-02-14
R00229,C02392,Gift Item,244,2025-07-22
R00230,C03813,Voucher,467,2023-12-14
R00231,C03239,Gift Item,131,2024-04-17
R00232,C04570,Discount,367,2024-09-14
R00233,C03119,Voucher,46,2025-01-10
R00234,C03133,Discount,142,2024-08-09
R00235,C04995,Free Data,467,2024-08-13
R00236,C01886,Gift Item,124,2023-10-06
R00237,C02714,Free Data,422,2023-11-13
R00238,C04659,Voucher,354,2025-07-02
R00239,C03149,Discount,263,2025-02-19
R00240,C04059,Discount,113,2025-03-19
R00241,C04384,Discount,117,2025-01-10
R00242,C04327,Discount,180,2024-10-14
R00243,C02740,Discount,128,2024-09-04
R00244,C00202,Voucher,387,2025-09-07
R00245,C04862,Discount,428,2024-06-03
R00246,C01548,Discount,186,2025-03-29
R00247,C04015,Voucher,285,2025-06-11
R00248,C04448,Gift Item,94,2024-08-18
R00249,C04885,Voucher,397,2024-08-20
R00250,C04697,Gift Item,148,2023-11-14
R00251,C04848,Voucher,166,2024-12-14
R00252,C01788,Free Data,24,2025-05-06
R00253,C02972,Gift Item,118,2024-09-11
R00254,C02700,Gift Item,135,2025-07-25
R00255,C00064,Gift Item,450,2024-10-27
R00256,C03857,Discount,111,2024-09-03
R00257,C01828,Gift Item,151,2025-04-05
R00258,C02565,Free Data,384,2023-12-04
R00259,C03321,Free Data,450,2024-10-29
R00260,C02947,Discount,173,2024-08-11
R00261,C04043,Voucher,477,2024-05-01
R00262,C03324,Voucher,423,2024-12-23
R00263,C04563,Gift Item,179,2024-09-28
R00264,C02759,Discount,343,2024-09-02
R00265,C04817,Gift Item,466,2025-01-28
R00266,C04213,Gift Item,197,2023-12-24
R00267,C03886,Gift Item,32,2024-07-24
R00268,C04585,Free Data,334,2025-03-23
R00269,C03612,Gift Item,112,2025-03-15
R00270,C04341,Free Data,281,2023-11-10
R00271,C01709,Discount,279,2025-06-20
R00272,C04464,Voucher,323,2024-02-02
R00273,C04835,Discount,11,2024-06-11
R00274,C04873,Gift Item,110,2023-10-05
R00275,C02166,Gift Item,66,2024-09-05
R00276,C01596,Gift Item,147,2023-11-22
R00277,C04259,Free Data,322,2024-11-22
R00278,C02969,Discount,209,2024-05-26
R00279,C00983,Gift Item,45,2024-03-14
R00280,C00008,Free Data,247,2024-10-31
R00281,C04252,Voucher,59,2023-10-10
R00282,C02213,Free Data,133,2025-01-10
R00283,C03941,Voucher,271,2024-09-12
R00284,C01602,Discount,445,2025-06-22
R00285,C04148,Voucher,370,2024-02-09
R00286,C03043,Voucher,369,2025-05-08
R00287,C02375,Gift Item,166,2024-01-16
R00288,C03770,Voucher,408,2024-03-29
R00289,C03473,Gift Item,492,2024-03-28
R00290,C00753,Voucher,500,2025-03-07
R00291,C02922,Discount,345,2025-07-01
R00292,C04241,Gift Item,445,2024-04-22
R00293,C01047,Discount,470,2024-11-13
R00294,C04085,Voucher,240,2025-04-22
R00295,C02536,Voucher,201,2024-03-09
R00296,C03101,Voucher,82,2025-05-22
R00297,C03627,Discount,468,2024-04-08
R00298,C00799,Voucher,18,2024-08-10
R00299,C03461,Discount,366,2025-07-14
R00300,C00162,Free Data,71,2025-03-17
R00301,C04267,Voucher,122,2025-02-04
R00302,C00708,Free Data,49,2024-03-23
R00303,C00594,Gift Item,228,2024-01-20
R00304,C04046,Voucher,152,2024-06-11
R00305,C03622,Discount,398,2024-05-26
R00306,C02280,Free Data,120,2024-04-01
R00307,C02931,Free Data,346,2025-04-23
R00308,C01646,Discount,98,2024-12-07
R00309,C04189,Free Data,190,2025-03-24
R00310,C01332,Voucher,148,2024-05-16
R00311,C02281,Discount,384,2024-03-10
R00312,C04597,Discount,198,2025-03-21
R00313,C01473,Free Data,421,2024-12-19
R00314,C03360,Voucher,278,2024-12-20
R00315,C03077,Discount,170,2025-09-26
R00316,C04147,Voucher,89,2025-04-09
R00317,C00984,Discount,250,2023-12-07
R00318,C01250,Voucher,472,2024-07-01
R00319,C04328,Discount,365,2024-11-01
R00320,C00896,Voucher,388,2025-08-16
R00321,C00205,Gift Item,414,2025-01-02
R00322,C02989,Discount,235,2025-01-17
R00323,C04753,Gift Item,54,2025-04-30
R00324,C02819,Gift Item,18,2025-07-05
R00325,C01071,Gift Item,71,2024-05-23
R00326,C03688,Free Data,437,2025-01-16
R00327,C03427,Voucher,15,2023-12-15
R00328,C02695,Gift Item,205,2025-07-08
R00329,C00111,Gift Item,235,2024-04-05
R00330,C02457,Gift Item,366,2025-02-03
R00331,C00393,Gift Item,279,2024-05-30
R00332,C03011,Gift Item,404,2023-10-18
R00333,C04213,Free Data,410,2024-07-16
R00334,C00404,Voucher,442,2024-09-14
R00335,C02392,Voucher,361,2025-05-25
R00336,C00967,Gift Item,265,2024-03-06
R00337,C03820,Voucher,104,2025-06-11
R00338,C04724,Free Data,128,2025-07-03
R00339,C03658,Voucher,17,2025-01-04
R00340,C02749,Gift Item,256,2024-11-10
R00341,C02687,Free Data,431,2024-06-11
R00342,C04277,Gift Item,151,2023-11-04
R00343,C01364,Free Data,414,2025-02-01
R00344,C03514,Discount,376,2025-08-29
R00345,C02198,Gift Item,203,2024-12-10
R00346,C01610,Gift Item,110,2024-08-16
R00347,C03389,Discount,188,2024-02-28
R00348,C03364,Gift Item,464,2024-03-17
R00349,C01425,Discount,225,2025-06-07
R00350,C01828,Gift Item,302,2024-10-01
R00351,C04219,Voucher,140,2024-11-29
R00352,C01090,Voucher,68,2024-09-23
R00353,C04342,Gift Item,305,2024-07-20
R00354,C03778,Discount,388,2024-03-26
R00355,C04861,Voucher,409,2024-02-14
R00356,C01028,Gift Item,64,2025-01-04
R00357,C03971,Free Data,144,2024-09-20
R00358,C02691,Gift Item,299,2024-12-21
R00359,C02510,Discount,223,2025-06-19
R00360,C03973,Gift Item,449,2024-06-29
R00361,C04429,Free Data,429,2025-04-22
R00362,C04459,Discount,203,2024-04-09
R00363,C04201,Free Data,402,2023-11-21
R00364,C04249,Gift Item,35,2025-06-14
R00365,C01401,Voucher,227,2025-03-16
R00366,C01568,Gift Item,428,2024-07-27
R00367,C00672,Voucher,407,2025-02-27
R00368,C01252,Free Data,494,2024-02-13
R00369,C02665,Gift Item,351,2024-03-15
R00370,C02477,Gift Item,212,2024-04-13
R00371,C02978,Discount,95,2024-12-18
R00372,C00269,Free Data,435,2024-10-22
R00373,C02423,Discount,378,2024-03-23
R00374,C02243,Discount,499,2024-04-09
R00375,C02152,Discount,400,2023-11-19
R00376,C00990,Free Data,388,2023-12-09
R00377,C04116,Free Data,485,2024-03-16
R00378,C00475,Discount,458,2025-07-17
R00379,C04422,Gift Item,84,2024-06-29
R00380,C01079,Free Data,373,2023-10-06
R00381,C00900,Discount,438,2024-09-15
R00382,C04545,Free Data,121,2024-11-18
R00383,C01721,Free Data,305,2024-12-24
R00384,C03939,Voucher,307,2025-03-21
R00385,C00521,Voucher,174,2024-06-13
R00386,C01345,Discount,65,2024-03-03
R00387,C01150,Gift Item,261,2024-07-13
R00388,C04175,Free Data,358,2024-02-16
R00389,C02953,Voucher,291,2025-08-03
R00390,C02850,Discount,381,2025-02-20
R00391,C00754,Free Data,467,2024-02-07
R00392,C02433,Voucher,495,2024-06-14
R00393,C02917,Free Data,226,2024-05-12
R00394,C03971,Discount,51,2025-04-08
R00395,C01983,Voucher,186,2025-05-11
R00396,C03117,Gift Item,31,2024-07-16
R00397,C00001,Discount,248,2024-04-28
R00398,C04144,Free Data,124,2024-02-17
R00399,C01501,Voucher,351,2025-05-12
R00400,C02710,Free Data,174,2024-06-28
R00401,C00867,Voucher,56,2024-10-24
R00402,C03632,Discount,170,2023-11-08
R00403,C01934,Voucher,210,2025-04-22
R00404,C01092,Free Data,383,2025-01-06
R00405,C04185,Gift Item,99,2025-02-09
R00406,C00381,Gift Item,52,2024-12-08
R00407,C02299,Discount,354,2024-03-04
R00408,C00977,Voucher,429,2025-05-27
R00409,C00179,Voucher,35,2023-12-19
R00410,C03723,Free Data,142,2025-07-17
R00411,C04942,Gift Item,317,2024-05-04
R00412,C00833,Free Data,391,2024-05-12
R00413,C04676,Discount,128,2025-07-26
R00414,C00596,Free Data,401,2024-08-31
R00415,C02619,Voucher,288,2024-03-13
R00416,C00150,Discount,61,2025-06-04
R00417,C00912,Gift Item,224,2025-01-23
R00418,C04958,Free Data,330,2023-10-21
R00419,C04437,Free Data,140,2024-01-12
R00420,C03959,Free Data,91,2025-08-20
R00421,C03990,Gift Item,203,2025-08-12
R00422,C02167,Gift Item,155,2023-10-13
R00423,C00274,Free Data,468,2025-08-27
R00424,C01216,Free Data,307,2024-07-12
R00425,C00023,Gift Item,206,2025-04-28
R00426,C01032,Free Data,484,2024-01-24
R00427,C03359,Voucher,154,2024-11-23
R00428,C02613,Gift Item,328,2024-02-12
R00429,C00027,Voucher,278,2024-07-21
R00430,C02930,Voucher,67,2024-04-12
R00431,C02438,Voucher,398,2025-02-28
R00432,C01266,Gift Item,474,2024-01-03
R00433,C02671,Gift Item,491,2025-03-04
R00434,C02077,Free Data,110,2025-01-01
R00435,C04471,Gift Item,235,2024-03-28
R00436,C00029,Voucher,219,2025-09-09
R00437,C00291,Gift Item,221,2025-07-16
R00438,C02782,Free Data,102,2024-01-31
R00439,C00585,Gift Item,382,2025-05-23
R00440,C00995,Free Data,207,2023-12-11
R00441,C00792,Free Data,184,2024-03-27
R00442,C04634,Free Data,458,2023-10-27
R00443,C03167,Gift Item,25,2024-08-17
R00444,C02327,Free Data,420,2024-12-04
R00445,C00208,Gift Item,292,2025-03-06
R00446,C01327,Free Data,249,2025-07-15
R00447,C01313,Voucher,433,2025-07-14
R00448,C02093,Free Data,232,2024-01-16
R00449,C04674,Voucher,340,2025-03-01
R00450,C01890,Discount,232,2025-01-03
R00451,C01423,Voucher,308,2024-10-26
R00452,C03136,Voucher,410,2024-01-17
R00453,C04188,Free Data,38,2024-05-30
R00454,C00038,Gift Item,181,2025-01-21
R00455,C02110,Free Data,473,2023-12-26
R00456,C00759,Gift Item,152,2025-02-26
R00457,C03303,Gift Item,268,2024-08-10
R00458,C00885,Free Data,78,2025-05-01
R00459,C01693,Voucher,494,2025-08-15
R00460,C00125,Gift Item,172,2024-10-01
R00461,C00986,Discount,254,2023-11-22
R00462,C00261,Gift Item,213,2023-10-16
R00463,C02990,Free Data,76,2025-01-16
R00464,C02313,Gift Item,159,2025-08-24
R00465,C02476,Discount,267,2025-09-18
R00466,C00387,Gift Item,310,2025-09-07
R00467,C00167,Discount,107,2023-12-03
R00468,C00785,Free Data,438,2024-08-24
R00469,C01660,Free Data,331,2024-05-24
R00470,C04504,Gift Item,298,2024-10-20
R00471,C01816,Gift Item,203,2024-11-30
R00472,C00889,Gift Item,450,2024-10-28
R00473,C01191,Gift Item,452,2025-03-22
R00474,C04630,Free Data,239,2025-06-20
R00475,C03399,Discount,473,2024-04-15
R00476,C00285,Discount,40,2024-02-21
R00477,C00426,Discount,239,2024-02-22
R00478,C01718,Voucher,495,2024-06-06
R00479,C01907,Voucher,397,2025-01-06
R00480,C00490,Gift Item,346,2025-08-17
R00481,C02612,Gift Item,403,2024-04-19
R00482,C02272,Discount,189,2025-02-14
R00483,C02258,Free Data,439,2025-08-14
R00484,C03538,Voucher,162,2024-07-31
R00485,C03359,Discount,237,2024-05-05
R00486,C01456,Gift Item,177,2025-03-18
R00487,C01800,Discount,124,2024-02-26
R00488,C02718,Free Data,409,2025-04-12
R00489,C03949,Gift Item,117,2024-01-07
R00490,C03536,Discount,205,2024-03-05
R00491,C02187,Free Data,335,2023-11-24
R00492,C02823,Gift Item,135,2024-08-13
R00493,C03813,Free Data,16,2025-06-02
R00494,C01640,Free Data,137,2025-04-22
R00495,C04131,Discount,122,2025-04-05
R00496,C03052,Voucher,174,2024-03-15
R00497,C02861,Voucher,106,2025-02-07
R00498,C03767,Voucher,431,2025-07-31
R00499,C04564,Discount,427,2023-11-21
R00500,C03242,Voucher,94,2025-04-05
R00501,C00106,Gift Item,333,2025-03-06
R00502,C03606,Voucher,186,2024-10-22
R00503,C04229,Gift Item,429,2024-03-05
R00504,C00298,Gift Item,231,2024-10-06
R00505,C02172,Discount,213,2024-11-08
R00506,C00555,Voucher,169,2024-05-24
R00507,C03558,Discount,322,2025-05-28
R00508,C01784,Discount,369,2025-04-30
R00509,C01763,Free Data,10,2025-05-26
R00510,C04591,Gift Item,319,2024-03-14
R00511,C03236,Gift Item,182,2025-04-05
R00512,C02497,Free Data,175,2025-03-14
R00513,C03298,Free Data,163,2025-06-08
R00514,C04887,Discount,31,2024-11-04
R00515,C00004,Free Data,118,2024-11-24
R00516,C01648,Discount,113,2025-07-19
R00517,C00271,Voucher,170,2023-11-26
R00518,C02298,Voucher,179,2025-02-11
R00519,C04118,Discount,288,2024-02-19
R00520,C03546,Gift Item,309,2024-06-22
R00521,C00593,Voucher,293,2024-09-23
R00522,C02162,Free Data,343,2024-05-22
R00523,C04997,Voucher,374,2025-01-23
R00524,C03955,Gift Item,392,2023-10-14
R00525,C03991,Free Data,354,2024-03-11
R00526,C04512,Voucher,361,2024-08-09
R00527,C00177,Discount,485,2024-06-17
R00528,C04026,Voucher,415,2025-02-15
R00529,C03012,Voucher,30,2023-11-29
R00530,C01827,Gift Item,399,2025-07-04
R00531,C02988,Gift Item,422,2025-03-08
R00532,C04418,Free Data,42,2024-02-29
R00533,C02077,Voucher,20,2024-06-22
R00534,C02754,Gift Item,239,2024-05-13
R00535,C04479,Free Data,299,2025-09-28
R00536,C00140,Discount,420,2024-05-08
R00537,C02111,Free Data,229,2025-07-18
R00538,C04662,Voucher,129,2023-10-20
R00539,C02184,Free Data,199,2023-11-28
R00540,C03812,Discount,169,2025-03-18
R00541,C02096,Free Data,233,2025-04-23
R00542,C01900,Voucher,252,2024-04-26
R00543,C04648,Voucher,405,2024-02-07
R00544,C04500,Gift Item,348,2024-05-21
R00545,C04435,Discount,273,2025-01-23
R00546,C02498,Free Data,153,2024-02-23
R00547,C04982,Gift Item,66,2025-09-11
R00548,C01657,Gift Item,256,2024-04-27
R00549,C00894,Free Data,109,2024-05-12
R00550,C02532,Discount,13,2025-07-26
R00551,C04871,Discount,362,2025-08-02
R00552,C00900,Discount,269,2024-07-10
R00553,C00597,Gift Item,139,2025-01-07
R00554,C00775,Free Data,46,2024-05-08
R00555,C00775,Gift Item,22,2025-04-13
R00556,C03186,Voucher,287,2025-08-24
R00557,C01222,Gift Item,247,2024-03-02
R00558,C00133,Gift Item,341,2023-11-28
R00559,C02201,Voucher,279,2024-11-01
R00560,C00098,Voucher,440,2025-06-25
R00561,C02253,Gift Item,119,2024-03-11
R00562,C00952,Voucher,125,2025-08-13
R00563,C04835,Free Data,94,2024-06-08
R00564,C04024,Gift Item,450,2025-04-13
R00565,C03955,Discount,85,2025-08-21
R00566,C02148,Free Data,421,2024-01-09
R00567,C02387,Voucher,96,2023-10-09
R00568,C00479,Free Data,261,2024-05-04
R00569,C03773,Voucher,68,2023-10-26
R00570,C00881,Discount,184,2024-07-07
R00571,C00256,Gift Item,10,2025-07-16
R00572,C00515,Gift Item,50,2024-10-24
R00573,C00864,Free Data,424,2024-05-19
R00574,C03432,Discount,65,2024-04-20
R00575,C00259,Discount,300,2024-04-24
R00576,C02510,Gift Item,391,2024-02-21
R00577,C01473,Gift Item,85,2025-07-17
R00578,C00502,Discount,248,2024-08-26
R00579,C01095,Discount,188,2023-11-20
R00580,C01493,Discount,79,2024-12-18
R00581,C00028,Gift Item,74,2025-08-27
R00582,C00478,Gift Item,227,2024-09-29
R00583,C04838,Free Data,101,2025-09-29
R00584,C00016,Voucher,34,2025-05-08
R00585,C03443,Gift Item,224,2024-04-26
R00586,C02468,Voucher,303,2024-09-11
R00587,C03783,Discount,12,2025-02-02
R00588,C04699,Free Data,27,2024-10-13
R00589,C03532,Gift Item,266,2025-03-12
R00590,C03448,Free Data,380,2024-04-25
R00591,C01157,Voucher,145,2025-09-14
R00592,C01475,Free Data,423,2025-09-08
R00593,C02067,Gift Item,30,2025-08-12
R00594,C04397,Voucher,202,2025-09-23
R00595,C00838,Voucher,81,2025-03-09
R00596,C04798,Free Data,168,2024-06-29
R00597,C01175,Free Data,346,2025-02-21
R00598,C02783,Voucher,85,2024-07-29
R00599,C02552,Gift Item,483,2024-05-04
R00600,C04830,Free Data,117,2023-11-20
R00601,C02943,Free Data,82,2025-01-21
R00602,C01176,Discount,156,2024-05-14
R00603,C02268,Voucher,260,2023-10-16
R00604,C02880,Voucher,164,2023-11-11
R00605,C03441,Voucher,427,2025-05-18
R00606,C04989,Free Data,435,2023-10-16
R00607,C03353,Gift Item,159,2025-01-31
R00608,C04747,Free Data,141,2024-07-02
R00609,C01977,Gift Item,142,2025-08-29
R00610,C03531,Voucher,152,2024-02-17
R00611,C03712,Voucher,472,2024-01-04
R00612,C02397,Free Data,168,2024-03-18
R00613,C03655,Discount,165,2025-06-15
R00614,C03540,Free Data,418,2024-09-15
R00615,C02775,Discount,209,2025-01-22
R00616,C03888,Discount,106,2025-03-27
R00617,C01282,Voucher,402,2024-12-11
R00618,C00484,Free Data,422,2025-08-25
R00619,C01794,Free Data,357,2023-10-13
R00620,C02280,Gift Item,498,2025-06-20
R00621,C02693,Free Data,83,2025-04-04
R00622,C03839,Discount,10,2024-06-20
R00623,C04543,Voucher,360,2024-05-12
R00624,C04688,Free Data,197,2025-08-07
R00625,C03075,Free Data,487,2024-07-08
R00626,C03343,Discount,242,2025-07-31
R00627,C04752,Discount,467,2024-12-17
R00628,C03800,Free Data,60,2025-06-28
R00629,C00110,Voucher,316,2024-12-12
R00630,C00960,Gift Item,293,2025-06-18
R00631,C02703,Gift Item,492,2025-03-13
R00632,C01141,Voucher,373,2025-07-29
R00633,C02012,Free Data,352,2024-01-15
R00634,C03021,Discount,293,2025-02-26
R00635,C01015,Free Data,306,2024-12-14
R00636,C02703,Gift Item,492,2023-11-04
R00637,C02267,Discount,430,2023-12-21
R00638,C00865,Gift Item,478,2024-11-06
R00639,C00271,Gift Item,349,2025-01-22
R00640,C04872,Discount,430,2024-08-27
R00641,C03869,Gift Item,120,2024-08-09
R00642,C01483,Free Data,474,2025-09-23
R00643,C02304,Gift Item,149,2025-05-22
R00644,C01728,Gift Item,24,2023-11-16
R00645,C03346,Discount,482,2024-12-16
R00646,C04719,Voucher,461,2024-03-04
R00647,C03828,Discount,59,2024-08-21
R00648,C00279,Free Data,18,2025-07-11
R00649,C01906,Gift Item,351,2024-12-15
R00650,C01597,Discount,359,2024-11-25
R00651,C01759,Gift Item,414,2025-05-20
R00652,C01382,Voucher,400,2025-06-29
R00653,C03398,Free Data,126,2023-11-22
R00654,C01412,Free Data,246,2024-06-14
R00655,C01798,Gift Item,175,2023-12-14
R00656,C03831,Free Data,227,2025-04-03
R00657,C00868,Voucher,478,2025-03-17
R00658,C02862,Discount,422,2024-06-07
R00659,C03501,Gift Item,400,2024-12-25
R00660,C02030,Voucher,308,2024-10-16
R00661,C01907,Free Data,149,2025-03-23
R00662,C00421,Gift Item,143,2024-09-02
R00663,C01446,Free Data,145,2024-11-01
R00664,C03722,Voucher,19,2024-09-20
R00665,C03946,Gift Item,168,2023-11-04
R00666,C02977,Gift Item,116,2024-01-15
R00667,C03986,Discount,372,2024-08-24
R00668,C02110,Gift Item,15,2024-06-20
R00669,C01978,Voucher,370,2024-12-19
R00670,C02045,Free Data,414,2024-11-22
R00671,C04557,Gift Item,471,2024-06-24
R00672,C03793,Discount,376,2024-06-03
R00673,C04151,Free Data,335,2025-06-27
R00674,C04451,Gift Item,292,2023-10-19
R00675,C03515,Gift Item,424,2024-03-08
R00676,C01767,Gift Item,20,2024-01-31
R00677,C01049,Voucher,448,2024-04-06
R00678,C01530,Gift Item,26,2025-06-20
R00679,C02171,Voucher,431,2024-05-21
R00680,C00032,Gift Item,180,2024-04-14
R00681,C02945,Voucher,66,2024-10-16
R00682,C01056,Free Data,212,2024-01-07
R00683,C03261,Free Data,273,2024-04-15
R00684,C03167,Gift Item,333,2024-06-03
R00685,C02692,Voucher,320,2025-05-25
R00686,C04934,Voucher,104,2024-03-14
R00687,C03367,Discount,430,2025-02-19
R00688,C00377,Gift Item,268,2025-09-14
R00689,C00593,Discount,467,2024-10-19
R00690,C04910,Gift Item,355,2024-05-04
R00691,C04790,Voucher,344,2025-08-15
R00692,C04507,Free Data,92,2024-05-05
R00693,C01033,Voucher,365,2025-03-30
R00694,C02226,Voucher,252,2024-02-26
R00695,C04385,Gift Item,205,2025-06-09
R00696,C01220,Voucher,458,2024-02-01
R00697,C02617,Free Data,254,2025-06-03
R00698,C03280,Free Data,138,2024-04-13
R00699,C02421,Voucher,89,2025-01-10
R00700,C00777,Discount,495,2023-11-06
R00701,C00429,Gift Item,11,2025-05-08
R00702,C03116,Voucher,28,2025-01-20
R00703,C02001,Discount,197,2024-06-21
R00704,C00897,Gift Item,12,2023-11-04
R00705,C04651,Discount,73,2025-04-27
R00706,C02540,Discount,340,2024-04-21
R00707,C02908,Gift Item,71,2024-01-07
R00708,C01273,Discount,73,2024-10-05
R00709,C02716,Discount,211,2024-01-04
R00710,C03895,Gift Item,454,2024-03-06
R00711,C04594,Gift Item,289,2025-09-05
R00712,C01972,Gift Item,25,2023-12-23
R00713,C00982,Free Data,121,2023-10-28
R00714,C00395,Free Data,62,2025-09-16
R00715,C02446,Voucher,468,2024-02-15
R00716,C01700,Gift Item,434,2024-12-28
R00717,C03611,Discount,348,2024-02-08
R00718,C00995,Voucher,225,2025-02-22
R00719,C01554,Gift Item,212,2024-02-29
R00720,C00230,Free Data,200,2024-04-05
R00721,C02704,Free Data,224,2025-10-03
R00722,C01062,Discount,110,2024-06-09
R00723,C02686,Free Data,317,2024-05-09
R00724,C01746,Free Data,108,2025-03-09
R00725,C03571,Gift Item,457,2025-08-02
R00726,C00944,Voucher,48,2024-12-11
R00727,C03144,Gift Item,369,2023-10-27
R00728,C04642,Voucher,26,2025-09-10
R00729,C01029,Free Data,28,2025-01-24
R00730,C01359,Discount,243,2024-11-05
R00731,C03864,Free Data,190,2024-08-28
R00732,C04296,Gift Item,35,2025-06-03
R00733,C02064,Free Data,383,2025-07-07
R00734,C04713,Voucher,273,2024-12-29
R00735,C02552,Voucher,205,2025-09-21
R00736,C03733,Voucher,472,2023-12-05
R00737,C03369,Discount,139,2025-07-30
R00738,C03392,Discount,22,2024-06-14
R00739,C01708,Discount,53,2025-09-01
R00740,C01240,Gift Item,443,2025-10-01
R00741,C02805,Voucher,188,2025-07-04
R00742,C03815,Free Data,450,2024-01-28
R00743,C03966,Voucher,365,2023-10-14
R00744,C00686,Gift Item,319,2025-04-05
R00745,C04620,Voucher,37,2024-01-29
R00746,C03818,Discount,227,2024-09-18
R00747,C01151,Voucher,301,2025-06-08
R00748,C04523,Gift Item,478,2024-07-08
R00749,C00825,Gift Item,230,2023-11-03
R00750,C02020,Voucher,134,2024-03-02
R00751,C04418,Discount,397,2024-07-02
R00752,C04703,Gift Item,427,2024-07-23
R00753,C00108,Voucher,454,2025-03-13
R00754,C03821,Voucher,119,2025-03-12
R00755,C02322,Discount,131,2024-08-14
R00756,C04383,Gift Item,491,2024-03-23
R00757,C03575,Gift Item,326,2025-07-31
R00758,C01087,Voucher,107,2024-03-31
R00759,C03032,Gift Item,19,2024-04-19
R00760,C01151,Free Data,483,2025-08-18
R00761,C02068,Gift Item,16,2025-09-23
R00762,C02584,Gift Item,35,2025-09-13
R00763,C01960,Voucher,449,2024-02-22
R00764,C02659,Voucher,251,2025-03-24
R00765,C00089,Voucher,47,2024-01-01
R00766,C03397,Voucher,99,2024-01-22
R00767,C03989,Free Data,372,2025-07-22
R00768,C00463,Voucher,232,2025-07-09
R00769,C03147,Free Data,54,2025-07-21
R00770,C02824,Free Data,144,2024-01-30
R00771,C01067,Gift Item,223,2025-01-06
R00772,C02659,Voucher,171,2024-07-14
R00773,C02947,Free Data,27,2024-01-31
R00774,C03173,Voucher,426,2025-07-26
R00775,C02322,Gift Item,314,2024-07-10
R00776,C00428,Free Data,127,2025-03-03
R00777,C00771,Discount,176,2023-11-03
R00778,C03613,Gift Item,248,2025-03-08
R00779,C03025,Discount,250,2024-09-14
R00780,C03390,Discount,71,2025-08-04
R00781,C03381,Free Data,253,2023-10-29
R00782,C03184,Free Data,375,2025-07-19
R00783,C03292,Gift Item,387,2024-01-21
R00784,C02605,Discount,471,2025-08-03
R00785,C00496,Free Data,82,2025-03-22
R00786,C01096,Voucher,47,2023-10-26
R00787,C00088,Voucher,111,2024-11-09
R00788,C03672,Voucher,229,2025-05-25
R00789,C03924,Discount,192,2025-02-22
R00790,C02095,Gift Item,385,2024-12-27
R00791,C02600,Gift Item,391,2025-08-07
R00792,C03052,Free Data,111,2025-04-07
R00793,C03496,Voucher,468,2025-06-25
R00794,C00090,Free Data,295,2025-08-15
R00795,C00950,Discount,173,2023-12-30
R00796,C02518,Free Data,369,2024-08-30
R00797,C02289,Discount,176,2025-03-05
R00798,C03401,Free Data,463,2023-10-14
R00799,C03848,Voucher,25,2024-08-30
R00800,C00545,Free Data,452,2024-01-13
R00801,C04687,Gift Item,32,2023-11-19
R00802,C04527,Gift Item,117,2024-10-01
R00803,C04520,Voucher,184,2024-05-28
R00804,C00642,Discount,216,2025-08-28
R00805,C04885,Free Data,500,2025-05-17
R00806,C03840,Discount,235,2023-11-11
R00807,C04704,Discount,78,2025-07-23
R00808,C04909,Discount,70,2024-09-12
R00809,C03887,Gift Item,192,2024-11-04
R00810,C01160,Free Data,383,2025-06-02
R00811,C00074,Gift Item,474,2025-01-24
R00812,C04768,Free Data,464,2025-03-08
R00813,C04077,Voucher,121,2025-01-16
R00814,C01286,Free Data,221,2024-04-20
R00815,C02894,Gift Item,210,2024-01-27
R00816,C01466,Discount,291,2024-11-16
R00817,C01932,Gift Item,212,2025-07-03
R00818,C04214,Discount,253,2023-12-27
R00819,C01117,Discount,154,2025-02-05
R00820,C00917,Discount,75,2025-06-14
R00821,C00976,Voucher,21,2023-10-07
R00822,C03101,Gift Item,69,2024-10-15
R00823,C00183,Gift Item,100,2024-06-26
R00824,C02675,Discount,343,2024-02-13
R00825,C00612,Free Data,48,2024-03-06
R00826,C04720,Free Data,294,2024-01-19
R00827,C03882,Voucher,375,2024-01-11
R00828,C03120,Discount,244,2023-11-21
R00829,C01264,Free Data,27,2024-07-12
R00830,C01208,Discount,470,2024-08-03
R00831,C03715,Gift Item,29,2023-11-30
R00832,C03943,Discount,108,2024-02-24
R00833,C04829,Discount,374,2025-03-30
R00834,C01261,Free Data,178,2025-02-03
R00835,C02866,Gift Item,222,2025-09-29
R00836,C04444,Free Data,15,2024-06-09
R00837,C03707,Discount,379,2024-07-18
R00838,C02344,Voucher,80,2025-02-18
R00839,C00587,Discount,62,2024-03-27
R00840,C04833,Discount,496,2024-02-01
R00841,C00360,Voucher,112,2024-06-15
R00842,C03356,Discount,323,2024-06-06
R00843,C00228,Free Data,72,2024-08-11
R00844,C04443,Gift Item,13,2025-09-10
R00845,C01619,Discount,111,2024-04-30
R00846,C03231,Discount,220,2024-06-20
R00847,C03186,Gift Item,122,2025-05-23
R00848,C02266,Gift Item,370,2024-07-11
R00849,C03608,Gift Item,31,2023-12-21
R00850,C03165,Voucher,479,2024-05-23
R00851,C02504,Free Data,137,2025-01-20
R00852,C02213,Discount,181,2023-11-17
R00853,C01966,Gift Item,267,2024-01-24
R00854,C03792,Gift Item,273,2023-12-31
R00855,C02604,Voucher,181,2024-06-02
R00856,C02755,Free Data,169,2024-12-27
R00857,C00262,Discount,135,2024-04-09
R00858,C04622,Voucher,189,2024-05-22
R00859,C04762,Discount,213,2023-11-01
R00860,C00085,Discount,143,2024-11-25
R00861,C03888,Discount,137,2024-08-26
R00862,C04984,Gift Item,498,2025-09-17
R00863,C03322,Free Data,277,2024-01-11
R00864,C01536,Free Data,16,2024-05-07
R00865,C01545,Free Data,287,2025-03-02
R00866,C03280,Free Data,82,2024-05-31
R00867,C02775,Free Data,117,2025-05-05
R00868,C04171,Discount,208,2024-08-16
R00869,C00856,Free Data,243,2024-10-13
R00870,C01447,Free Data,170,2024-09-10
R00871,C03326,Discount,430,2025-06-14
R00872,C01275,Gift Item,194,2024-07-07
R00873,C04711,Free Data,490,2024-12-12
R00874,C02191,Gift Item,119,2024-08-21
R00875,C00106,Free Data,35,2024-12-19
R00876,C02269,Discount,285,2024-12-19
R00877,C01261,Discount,162,2024-04-02
R00878,C04619,Discount,450,2025-09-20
R00879,C04318,Free Data,241,2025-09-30
R00880,C03841,Gift Item,66,2025-08-22
R00881,C02801,Free Data,449,2025-04-02
R00882,C04763,Discount,359,2023-12-22
R00883,C02859,Free Data,56,2025-05-04
R00884,C03738,Free Data,101,2025-08-07
R00885,C01285,Discount,373,2025-09-05
R00886,C03050,Gift Item,168,2025-09-20
R00887,C04732,Free Data,394,2025-04-21
R00888,C03571,Discount,56,2024-08-14
R00889,C03273,Gift Item,17,2024-06-10
R00890,C02889,Voucher,169,2024-01-19
R00891,C00059,Voucher,430,2025-05-11
R00892,C02314,Voucher,10,2024-05-15
R00893,C02947,Voucher,108,2024-12-17
R00894,C02849,Discount,233,2025-07-02
R00895,C02143,Gift Item,385,2024-02-18
R00896,C01494,Gift Item,133,2023-12-19
R00897,C00385,Free Data,490,2024-12-30
R00898,C01660,Voucher,67,2024-01-29
R00899,C03336,Voucher,60,2024-09-05
R00900,C01613,Discount,388,2024-11-20
R00901,C03836,Discount,443,2025-08-08
R00902,C02756,Voucher,23,2024-02-16
R00903,C04158,Free Data,121,2025-02-14
R00904,C01458,Voucher,486,2025-09-09
R00905,C02908,Discount,249,2025-07-25
R00906,C00336,Discount,191,2024-01-21
R00907,C01048,Free Data,368,2025-02-20
R00908,C03976,Voucher,144,2025-09-13
R00909,C04157,Voucher,252,2023-10-18
R00910,C01268,Discount,151,2025-05-12
R00911,C01375,Discount,23,2024-01-25
R00912,C01264,Discount,368,2024-06-03
R00913,C03591,Discount,29,2023-12-29
R00914,C02642,Voucher,256,2024-03-24
R00915,C02348,Free Data,310,2025-02-15
R00916,C02599,Gift Item,74,2024-12-18
R00917,C03387,Gift Item,459,2023-11-11
R00918,C02909,Discount,179,2024-10-21
R00919,C04261,Voucher,201,2025-02-07
R00920,C00314,Voucher,262,2025-01-22
R00921,C03782,Voucher,132,2025-08-17
R00922,C04564,Voucher,281,2024-06-13
R00923,C03170,Voucher,172,2025-07-29
R00924,C04953,Gift Item,311,2023-10-25
R00925,C01469,Free Data,263,2023-10-30
R00926,C03160,Gift Item,203,2024-01-04
R00927,C03461,Gift Item,220,2024-02-18
R00928,C02655,Discount,468,2024-02-09
R00929,C02532,Discount,363,2023-10-25
R00930,C00267,Gift Item,54,2023-12-19
R00931,C03549,Discount,183,2025-04-23
R00932,C02353,Discount,195,2024-07-19
R00933,C02617,Gift Item,95,2024-11-06
R00934,C00793,Voucher,208,2025-04-20
R00935,C00320,Gift Item,203,2024-01-06
R00936,C04149,Voucher,471,2024-08-21
R00937,C04606,Gift Item,109,2023-11-11
R00938,C02405,Discount,295,2025-05-03
R00939,C01897,Free Data,217,2023-10-18
R00940,C03973,Discount,49,2024-12-21
R00941,C03367,Free Data,10,2024-01-12
R00942,C04318,Voucher,265,2025-09-11
R00943,C04292,Gift Item,280,2025-06-19
R00944,C04514,Gift Item,333,2025-08-30
R00945,C02975,Free Data,231,2024-08-07
R00946,C02651,Free Data,402,2025-02-24
R00947,C01521,Gift Item,77,2024-12-14
R00948,C01479,Discount,324,2024-08-13
R00949,C03039,Discount,200,2024-10-04
R00950,C00404,Free Data,333,2024-04-30
R00951,C03675,Voucher,414,2025-04-13
R00952,C02415,Voucher,60,2024-01-11
R00953,C04843,Voucher,139,2024-04-29
R00954,C01940,Gift Item,60,2025-02-21
R00955,C02854,Discount,189,2025-08-13
R00956,C02968,Voucher,497,2024-06-08
R00957,C04222,Gift Item,460,2025-08-20
R00958,C00978,Free Data,428,2025-03-17
R00959,C01505,Voucher,132,2024-03-26
R00960,C01285,Free Data,66,2025-01-26
R00961,C00193,Discount,450,2025-05-07
R00962,C00163,Free Data,271,2023-12-13
R00963,C03006,Free Data,309,2024-12-08
R00964,C02125,Free Data,21,2024-09-14
R00965,C01885,Free Data,42,2024-01-16
R00966,C02907,Gift Item,496,2025-03-26
R00967,C02943,Voucher,272,2024-01-31
R00968,C02730,Voucher,299,2023-10-17
R00969,C03247,Voucher,51,2024-10-03
R00970,C00028,Gift Item,348,2025-06-02
R00971,C00128,Voucher,491,2024-08-08
R00972,C01082,Discount,120,2024-05-09
R00973,C00300,Gift Item,291,2024-05-10
R00974,C04235,Free Data,429,2024-01-31
R00975,C02505,Gift Item,250,2024-11-14
R00976,C00475,Discount,96,2024-09-22
R00977,C04701,Free Data,301,2024-12-19
R00978,C03465,Discount,420,2025-09-09
R00979,C01741,Discount,405,2025-04-07
R00980,C01403,Voucher,481,2024-06-01
R00981,C04215,Free Data,69,2025-09-13
R00982,C00530,Discount,465,2024-08-05
R00983,C04260,Gift Item,82,2025-06-09
R00984,C04072,Discount,476,2024-02-25
R00985,C01237,Discount,485,2025-09-28
R00986,C01980,Free Data,223,2025-08-21
R00987,C02659,Free Data,58,2025-06-15
R00988,C02015,Voucher,156,2025-07-18
R00989,C01291,Voucher,135,2024-07-02
R00990,C04014,Discount,498,2024-05-16
R00991,C03694,Free Data,188,2024-01-19
R00992,C04442,Discount,107,2024-08-17
R00993,C03797,Free Data,128,2023-10-12
R00994,C02091,Voucher,107,2025-06-23
R00995,C03064,Voucher,125,2024-01-07
R00996,C01136,Discount,291,2025-04-17
R00997,C02835,Free Data,146,2025-09-27
R00998,C02642,Voucher,95,2025-02-19
R00999,C04101,Voucher,342,2024-04-17
R01000,C00291,Discount,238,2025-10-04
