log_id,system,event,severity,timestamp
SL00001,Network,Access,High,2025-01-18 22:46:44.908901
SL00002,ERP,Update,Low,2023-12-17 07:49:41.925373
SL00003,InternalApp,Access,High,2023-12-08 03:28:27.033594
SL00004,InternalApp,Logout,High,2025-04-14 17:02:55.295656
SL00005,CRM,Logout,Medium,2024-06-10 17:13:51.720639
SL00006,ERP,Login,Low,2024-07-30 05:28:28.981605
SL00007,ERP,Access,Medium,2024-03-28 16:58:18.339740
SL00008,ERP,Access,Medium,2024-07-17 21:24:20.789648
SL00009,Network,Login,Critical,2023-10-27 07:16:00.544916
SL00010,Network,Access,Critical,2024-08-20 22:48:07.426482
SL00011,CRM,Update,High,2024-12-04 22:59:30.743664
SL00012,Network,Update,High,2023-11-27 14:41:59.703796
SL00013,CRM,Access,High,2025-02-27 08:46:07.761273
SL00014,Network,Error,Critical,2024-09-06 09:26:19.393779
SL00015,InternalApp,Update,High,2023-10-08 06:24:13.359039
SL00016,CRM,Login,Medium,2023-12-19 13:16:09.439346
SL00017,InternalApp,Access,High,2024-11-08 20:58:50.928017
SL00018,ERP,Login,High,2024-04-04 20:53:32.324815
SL00019,ERP,Update,High,2024-09-14 00:36:18.812105
SL00020,Network,Update,Medium,2024-03-30 03:38:02.811145
SL00021,Network,Error,High,2025-01-14 17:49:04.000298
SL00022,ERP,Error,Medium,2024-08-31 15:55:47.536030
SL00023,Network,Login,Low,2024-12-02 08:29:38.917450
SL00024,Network,Update,Medium,2024-06-01 18:35:52.204202
SL00025,InternalApp,Login,Critical,2024-05-04 12:05:53.396969
SL00026,CRM,Login,Low,2025-01-03 01:34:31.304338
SL00027,ERP,Error,Medium,2023-11-04 06:48:36.874418
SL00028,InternalApp,Logout,High,2023-11-05 08:27:11.448403
SL00029,Network,Access,Low,2025-04-16 11:27:30.729495
SL00030,ERP,Update,Critical,2025-10-02 01:49:34.215206
SL00031,ERP,Access,Medium,2024-04-24 16:05:06.509527
SL00032,Network,Access,Low,2025-06-27 09:57:25.453376
SL00033,InternalApp,Update,High,2025-06-06 14:44:06.250814
SL00034,ERP,Update,Critical,2024-08-24 17:23:36.746218
SL00035,Network,Update,Medium,2024-08-24 22:19:33.542983
SL00036,ERP,Login,Low,2024-06-25 23:14:47.006590
SL00037,CRM,Login,High,2024-12-24 01:46:46.391793
SL00038,InternalApp,Access,Low,2023-11-23 02:49:45.958138
SL00039,Network,Update,Critical,2024-01-26 07:45:37.369393
SL00040,Network,Update,High,2025-05-03 04:12:02.803598
SL00041,ERP,Update,High,2024-12-01 17:52:56.283845
SL00042,Network,Update,Medium,2025-06-20 00:17:42.782077
SL00043,CRM,Update,High,2025-03-30 03:11:39.150670
SL00044,CRM,Logout,Low,2024-10-07 04:29:03.038492
SL00045,CRM,Update,Low,2025-05-10 20:50:34.166727
SL00046,Network,Error,Low,2024-12-30 22:10:09.703544
SL00047,Network,Logout,High,2025-01-26 18:01:31.283631
SL00048,CRM,Login,Low,2025-02-05 07:49:05.054655
SL00049,ERP,Login,Medium,2025-05-22 04:10:16.000529
SL00050,CRM,Login,Low,2025-04-01 19:29:59.595592
SL00051,Network,Update,Medium,2024-08-12 08:18:18.107073
SL00052,ERP,Error,High,2024-10-25 15:39:45.589282
SL00053,CRM,Error,Low,2025-04-19 20:35:29.832792
SL00054,CRM,Error,Critical,2025-03-10 19:38:29.437761
SL00055,ERP,Error,Medium,2025-03-28 12:04:48.378657
SL00056,Network,Login,Low,2024-04-06 12:29:26.926687
SL00057,Network,Access,High,2024-04-28 02:06:09.846816
SL00058,Network,Update,Medium,2024-11-04 19:24:43.786997
SL00059,ERP,Access,High,2024-04-19 13:10:21.193069
SL00060,ERP,Update,High,2024-10-15 16:02:43.285280
SL00061,InternalApp,Logout,Medium,2024-12-30 03:47:25.269436
SL00062,InternalApp,Error,Medium,2024-06-21 09:46:28.672657
SL00063,Network,Access,Medium,2025-01-28 23:19:17.358590
SL00064,ERP,Error,Medium,2024-09-30 00:20:06.614326
SL00065,InternalApp,Logout,High,2024-10-27 19:29:26.700149
SL00066,ERP,Login,High,2024-03-07 17:07:21.999339
SL00067,Network,Login,Critical,2025-01-29 23:01:25.560983
SL00068,CRM,Logout,Critical,2024-04-12 11:28:02.313906
SL00069,CRM,Logout,Low,2024-11-13 11:31:52.132264
SL00070,Network,Update,High,2025-05-21 09:29:25.185898
SL00071,ERP,Update,High,2025-03-30 15:02:21.786181
SL00072,InternalApp,Logout,Critical,2023-12-07 23:39:20.079214
SL00073,InternalApp,Logout,Critical,2023-12-19 12:53:52.191533
SL00074,Network,Access,Low,2024-09-23 19:21:19.655321
SL00075,CRM,Error,High,2024-11-24 00:43:22.179193
SL00076,Network,Login,Medium,2024-01-25 04:53:50.809695
SL00077,Network,Update,Medium,2024-03-16 13:43:55.504905
SL00078,CRM,Access,Low,2025-02-11 02:48:26.134995
SL00079,Network,Update,Medium,2024-07-05 09:18:31.295600
SL00080,Network,Access,Low,2025-06-09 12:14:49.197865
SL00081,Network,Access,Medium,2025-08-29 04:30:13.207945
SL00082,InternalApp,Error,Low,2024-03-20 15:28:35.684766
SL00083,Network,Access,Low,2025-08-17 09:44:32.730263
SL00084,InternalApp,Logout,Medium,2023-10-30 16:11:25.752584
SL00085,CRM,Error,Critical,2023-12-13 20:07:47.715855
SL00086,Network,Access,Low,2025-02-03 04:02:06.697011
SL00087,CRM,Update,Critical,2024-09-07 03:30:17.605122
SL00088,ERP,Error,Low,2024-06-10 05:40:40.534694
SL00089,CRM,Login,Medium,2025-06-30 10:52:46.836540
SL00090,ERP,Access,Critical,2024-07-20 20:35:12.746391
SL00091,InternalApp,Access,High,2025-06-20 14:24:36.900372
SL00092,ERP,Update,High,2023-11-04 16:02:54.418247
SL00093,Network,Login,High,2024-10-05 22:08:18.966961
SL00094,InternalApp,Access,Critical,2024-08-20 03:44:38.836926
SL00095,CRM,Access,Critical,2024-07-28 21:04:20.298625
SL00096,ERP,Access,Low,2024-07-25 12:39:07.257175
SL00097,Network,Update,Low,2024-07-03 10:35:52.744313
SL00098,ERP,Error,High,2024-06-11 21:29:28.612844
SL00099,CRM,Access,High,2024-11-23 02:01:48.043990
SL00100,InternalApp,Update,High,2024-07-01 18:54:52.571343
SL00101,ERP,Error,Medium,2024-03-25 23:47:03.452221
SL00102,ERP,Update,Critical,2025-04-03 16:24:41.702044
SL00103,CRM,Error,Medium,2024-05-08 10:05:54.214240
SL00104,CRM,Login,High,2024-12-15 09:14:37.761444
SL00105,CRM,Error,Medium,2023-10-31 14:35:54.235447
SL00106,Network,Logout,High,2025-04-06 19:00:41.759717
SL00107,CRM,Login,Medium,2024-01-14 02:47:20.131135
SL00108,Network,Access,Critical,2024-10-19 19:21:39.985037
SL00109,CRM,Access,High,2025-09-21 06:18:55.706357
SL00110,ERP,Access,Medium,2024-07-02 20:34:04.797572
SL00111,ERP,Error,Medium,2025-03-29 14:09:31.848594
SL00112,ERP,Update,Low,2025-05-24 12:20:41.458439
SL00113,ERP,Login,Critical,2025-02-14 18:25:55.505928
SL00114,Network,Update,Low,2025-01-11 12:43:03.879230
SL00115,Network,Login,Critical,2024-05-13 14:51:12.655391
SL00116,ERP,Access,Low,2025-09-23 20:47:05.525779
SL00117,Network,Logout,Medium,2024-05-28 05:42:25.411320
SL00118,CRM,Error,Critical,2025-03-28 19:29:30.046025
SL00119,InternalApp,Login,Medium,2024-10-19 12:10:12.653369
SL00120,InternalApp,Error,Medium,2025-05-24 04:08:17.826780
SL00121,CRM,Logout,Medium,2025-05-07 23:37:51.356782
SL00122,CRM,Error,Low,2023-12-26 09:30:14.831642
SL00123,InternalApp,Update,Medium,2024-07-27 18:47:50.501013
SL00124,InternalApp,Update,Critical,2024-10-29 19:00:17.895748
SL00125,Network,Update,Critical,2025-09-18 02:04:26.835156
SL00126,CRM,Error,Critical,2024-03-20 16:48:20.609568
SL00127,ERP,Access,Critical,2024-01-21 11:45:04.100320
SL00128,Network,Update,Critical,2025-07-11 17:47:18.339155
SL00129,ERP,Login,Critical,2024-01-21 07:57:21.503961
SL00130,CRM,Logout,Medium,2023-12-12 01:39:09.716455
SL00131,ERP,Error,High,2024-04-20 22:46:13.526851
SL00132,ERP,Update,Low,2024-01-07 11:07:10.054234
SL00133,CRM,Access,Critical,2024-09-23 11:25:26.751951
SL00134,InternalApp,Access,Medium,2025-07-03 11:05:30.180324
SL00135,ERP,Logout,Medium,2023-10-15 07:52:38.991637
SL00136,CRM,Error,Medium,2024-02-02 03:16:13.882284
SL00137,Network,Update,High,2024-10-19 01:25:56.869752
SL00138,CRM,Login,Medium,2023-11-30 07:34:28.080281
SL00139,ERP,Login,Low,2024-10-23 06:30:43.583507
SL00140,InternalApp,Access,High,2024-12-20 09:28:09.418939
SL00141,CRM,Error,Critical,2023-11-26 23:10:36.867495
SL00142,ERP,Update,Critical,2025-07-08 10:27:13.680554
SL00143,Network,Login,Low,2025-03-05 09:32:29.154115
SL00144,CRM,Error,Critical,2024-10-24 11:23:12.996696
SL00145,ERP,Update,High,2024-09-21 06:41:56.401970
SL00146,CRM,Error,Critical,2024-01-22 01:25:19.959845
SL00147,CRM,Logout,Critical,2025-01-04 02:42:20.414141
SL00148,ERP,Logout,High,2023-10-24 19:32:27.836426
SL00149,CRM,Update,Critical,2025-03-02 00:55:28.835569
SL00150,Network,Access,Medium,2023-12-19 19:23:15.936483
SL00151,CRM,Login,Critical,2024-11-09 17:27:50.239183
SL00152,CRM,Error,Critical,2024-06-11 19:55:22.566066
SL00153,ERP,Error,High,2024-02-25 02:31:53.794185
SL00154,Network,Error,Critical,2025-01-20 05:35:20.204312
SL00155,InternalApp,Access,Low,2025-03-05 01:49:24.797039
SL00156,CRM,Error,Critical,2024-08-08 16:10:42.442555
SL00157,InternalApp,Logout,Low,2024-10-04 12:35:10.415337
SL00158,Network,Update,Low,2025-05-11 14:36:03.689103
SL00159,Network,Logout,Medium,2024-05-11 10:25:06.240212
SL00160,CRM,Logout,Critical,2024-04-27 00:07:56.898255
SL00161,CRM,Update,Medium,2025-03-17 16:26:01.349124
SL00162,Network,Access,Low,2025-08-07 23:45:28.214555
SL00163,ERP,Logout,Medium,2024-10-14 13:44:35.372952
SL00164,Network,Login,Critical,2025-07-22 22:51:55.335079
SL00165,Network,Logout,Medium,2024-10-31 02:17:27.012801
SL00166,InternalApp,Update,Critical,2023-11-03 13:34:02.763443
SL00167,ERP,Update,Critical,2025-01-28 18:39:21.065748
SL00168,ERP,Logout,Medium,2024-05-11 05:50:48.165899
SL00169,InternalApp,Access,Critical,2025-07-28 03:50:17.274926
SL00170,InternalApp,Access,Medium,2025-01-02 06:21:29.246848
SL00171,InternalApp,Error,Critical,2025-07-20 18:47:45.912886
SL00172,CRM,Access,High,2025-04-20 15:33:36.286288
SL00173,InternalApp,Access,Critical,2025-03-07 23:48:40.176198
SL00174,ERP,Logout,Critical,2024-10-10 18:33:31.581594
SL00175,CRM,Access,High,2023-12-28 05:18:28.975790
SL00176,Network,Update,High,2024-11-26 09:55:08.331319
SL00177,CRM,Logout,Critical,2024-11-13 15:00:07.008176
SL00178,Network,Login,Critical,2023-12-22 19:18:39.639817
SL00179,CRM,Logout,Critical,2025-07-10 07:01:24.322561
SL00180,InternalApp,Login,High,2024-03-23 07:47:32.771629
SL00181,CRM,Update,Critical,2025-06-01 11:04:54.601092
SL00182,ERP,Login,Medium,2024-05-08 23:45:07.008529
SL00183,ERP,Logout,Medium,2025-03-16 04:10:47.726574
SL00184,InternalApp,Logout,High,2025-02-15 16:38:45.067049
SL00185,Network,Error,Low,2024-07-29 11:25:23.707973
SL00186,CRM,Access,Medium,2025-05-24 14:42:51.423068
SL00187,Network,Logout,Medium,2023-11-28 13:33:06.072125
SL00188,InternalApp,Access,Medium,2024-04-15 15:30:26.343484
SL00189,Network,Access,High,2024-09-04 18:30:21.449854
SL00190,CRM,Update,Critical,2023-10-26 09:22:46.822877
SL00191,CRM,Login,Medium,2025-05-13 17:17:16.232017
SL00192,InternalApp,Error,Low,2024-05-09 21:04:44.800467
SL00193,CRM,Login,High,2024-03-28 06:40:21.077718
SL00194,InternalApp,Logout,Low,2025-02-02 05:57:06.584827
SL00195,CRM,Logout,Critical,2023-11-28 07:32:26.594525
SL00196,InternalApp,Update,Medium,2025-01-14 13:53:59.532489
SL00197,Network,Logout,Medium,2024-05-26 01:16:50.811262
SL00198,InternalApp,Logout,Low,2024-04-15 09:16:14.824479
SL00199,InternalApp,Login,Medium,2024-11-16 12:59:42.267953
SL00200,Network,Error,Low,2025-01-07 06:11:09.181724
SL00201,ERP,Access,Critical,2025-01-02 03:38:35.141937
SL00202,CRM,Logout,High,2025-04-06 00:28:23.711371
SL00203,Network,Logout,Medium,2025-10-03 07:29:48.330967
SL00204,Network,Error,Low,2025-03-19 14:21:12.153641
SL00205,CRM,Access,High,2024-09-25 08:37:15.460096
SL00206,Network,Access,Low,2024-05-31 06:40:27.494415
SL00207,ERP,Update,Critical,2024-01-14 13:59:23.974969
SL00208,Network,Error,High,2025-04-21 04:51:04.935913
SL00209,ERP,Access,High,2024-09-23 13:21:43.882928
SL00210,InternalApp,Update,Low,2024-09-17 23:17:17.459043
SL00211,CRM,Login,Critical,2024-07-13 17:30:24.864555
SL00212,InternalApp,Logout,Medium,2024-01-10 14:53:53.534855
SL00213,Network,Error,Medium,2025-09-18 00:01:15.413077
SL00214,CRM,Login,Low,2024-06-27 19:26:08.345156
SL00215,Network,Logout,High,2025-06-23 04:04:12.136984
SL00216,Network,Error,Medium,2025-03-17 07:32:29.765695
SL00217,Network,Error,Low,2024-09-24 12:24:42.311841
SL00218,ERP,Update,Low,2024-04-24 17:22:36.948469
SL00219,CRM,Logout,Low,2025-09-07 02:31:12.502479
SL00220,InternalApp,Update,Critical,2024-12-06 22:37:52.577747
SL00221,Network,Update,High,2023-10-20 20:09:11.780354
SL00222,InternalApp,Access,Critical,2024-06-12 06:42:39.590898
SL00223,InternalApp,Update,Low,2025-02-08 16:31:16.120302
SL00224,ERP,Access,High,2024-03-17 23:34:56.079672
SL00225,InternalApp,Access,Low,2024-09-28 13:53:26.741873
SL00226,ERP,Logout,High,2024-10-24 14:38:11.941344
SL00227,InternalApp,Update,Critical,2025-04-28 13:00:31.290137
SL00228,InternalApp,Update,High,2025-02-12 20:51:18.050130
SL00229,Network,Error,Critical,2023-12-19 19:48:19.053101
SL00230,CRM,Login,High,2024-08-06 08:34:34.951639
SL00231,Network,Login,Medium,2025-04-26 10:17:29.070820
SL00232,CRM,Error,Low,2023-10-31 18:53:17.871041
SL00233,Network,Error,Low,2025-03-05 05:02:34.417762
SL00234,ERP,Login,High,2025-02-11 22:54:19.233758
SL00235,ERP,Error,Medium,2025-07-25 19:25:12.946373
SL00236,ERP,Error,Low,2024-10-21 13:39:16.544491
SL00237,ERP,Login,Medium,2024-12-28 04:30:25.671421
SL00238,ERP,Error,Low,2024-01-03 22:40:14.838785
SL00239,Network,Error,Low,2025-08-20 21:31:59.404877
SL00240,ERP,Login,Critical,2024-06-20 10:22:58.180380
SL00241,Network,Update,Low,2023-11-25 01:56:49.857130
SL00242,ERP,Access,Low,2024-05-10 13:28:20.198822
SL00243,CRM,Update,Critical,2024-03-31 08:37:35.167498
SL00244,Network,Login,Low,2024-01-28 08:17:06.409473
SL00245,CRM,Login,Critical,2025-09-03 09:09:18.236567
SL00246,ERP,Access,High,2024-07-23 20:54:15.551069
SL00247,InternalApp,Logout,Critical,2025-08-04 11:05:39.871886
SL00248,Network,Logout,Medium,2025-07-05 15:56:54.850997
SL00249,Network,Access,Medium,2025-08-16 23:20:28.095911
SL00250,Network,Login,High,2025-04-11 22:34:16.130485
SL00251,CRM,Logout,High,2024-06-09 14:04:35.391491
SL00252,ERP,Access,Low,2025-02-19 09:05:53.375763
SL00253,InternalApp,Update,High,2024-03-18 08:10:01.330273
SL00254,InternalApp,Update,Medium,2024-04-03 04:50:40.193471
SL00255,Network,Login,Medium,2024-01-09 00:50:18.755243
SL00256,ERP,Error,Critical,2025-05-31 18:50:20.560373
SL00257,ERP,Logout,Critical,2025-06-13 15:25:39.086536
SL00258,ERP,Logout,Medium,2023-10-24 18:35:12.117319
SL00259,Network,Login,Medium,2025-07-23 05:19:35.214713
SL00260,CRM,Error,Low,2023-11-28 06:44:03.393791
SL00261,Network,Logout,Critical,2024-01-31 11:04:52.720038
SL00262,CRM,Update,Medium,2024-01-07 13:55:12.211322
SL00263,InternalApp,Update,Low,2024-07-09 21:03:11.379261
SL00264,CRM,Logout,High,2024-04-07 17:14:15.511768
SL00265,InternalApp,Login,High,2024-07-22 13:25:03.463646
SL00266,InternalApp,Access,High,2024-11-01 04:31:29.791554
SL00267,InternalApp,Logout,Low,2025-03-08 05:46:11.714620
SL00268,InternalApp,Error,Critical,2024-04-14 17:51:09.399604
SL00269,InternalApp,Logout,Low,2025-01-14 07:46:42.340369
SL00270,Network,Access,Critical,2025-08-05 04:48:58.674472
SL00271,ERP,Logout,High,2024-07-08 11:29:08.695252
SL00272,Network,Update,Medium,2025-08-16 12:40:48.429593
SL00273,ERP,Update,Medium,2025-02-03 00:22:41.193140
SL00274,ERP,Error,Critical,2024-03-23 16:55:55.844064
SL00275,InternalApp,Access,Critical,2024-03-14 20:01:49.101579
SL00276,CRM,Login,Critical,2025-07-31 07:40:23.276364
SL00277,CRM,Error,Medium,2025-06-05 23:50:14.614139
SL00278,ERP,Login,Low,2023-10-17 06:47:27.389269
SL00279,ERP,Error,Critical,2025-07-25 15:55:12.985259
SL00280,Network,Error,Medium,2025-03-30 00:40:40.859881
SL00281,InternalApp,Access,Low,2024-03-02 23:18:03.150974
SL00282,ERP,Logout,Medium,2025-02-02 01:54:30.502964
SL00283,Network,Access,High,2024-04-01 20:36:51.510401
SL00284,CRM,Login,Medium,2024-06-03 17:16:21.090340
SL00285,CRM,Error,Low,2024-11-13 20:45:47.698095
SL00286,CRM,Login,Critical,2024-05-28 06:39:00.648324
SL00287,InternalApp,Login,Low,2025-03-04 18:09:20.728572
SL00288,InternalApp,Update,Critical,2025-07-21 08:25:46.565398
SL00289,Network,Update,High,2024-03-19 20:30:36.934449
SL00290,CRM,Update,Medium,2023-10-09 22:11:06.290233
SL00291,ERP,Login,Critical,2024-10-14 17:46:36.138445
SL00292,Network,Access,High,2025-06-19 01:38:20.701830
SL00293,InternalApp,Access,Medium,2024-04-03 04:19:55.468483
SL00294,CRM,Update,High,2025-08-08 19:41:38.917077
SL00295,ERP,Login,High,2024-08-26 14:56:15.787225
SL00296,InternalApp,Error,High,2025-07-12 18:12:54.339236
SL00297,ERP,Access,Medium,2025-05-12 14:54:44.755621
SL00298,CRM,Access,Low,2024-03-19 02:37:29.487550
SL00299,ERP,Login,Low,2025-02-03 06:54:36.150113
SL00300,InternalApp,Access,Critical,2025-09-22 05:34:26.544837
SL00301,Network,Login,High,2024-04-17 00:53:40.103835
SL00302,Network,Update,Critical,2025-05-21 09:08:36.170588
SL00303,Network,Error,High,2024-08-01 22:21:26.763803
SL00304,Network,Error,Medium,2025-09-26 23:31:40.994311
SL00305,ERP,Error,Critical,2025-06-24 22:24:05.165740
SL00306,InternalApp,Update,Critical,2024-05-13 11:52:47.208221
SL00307,InternalApp,Update,Critical,2025-01-02 02:09:59.018272
SL00308,CRM,Access,High,2024-08-10 12:39:12.709251
SL00309,ERP,Update,High,2024-11-12 11:30:25.056881
SL00310,ERP,Access,High,2024-07-10 08:36:39.586681
SL00311,InternalApp,Update,High,2024-12-06 20:11:42.806973
SL00312,CRM,Logout,High,2024-09-02 21:21:01.599959
SL00313,Network,Access,Critical,2024-11-28 11:16:08.818433
SL00314,CRM,Error,Medium,2023-11-10 05:21:25.475744
SL00315,ERP,Logout,Low,2025-07-09 06:49:06.677190
SL00316,ERP,Access,Critical,2023-12-25 16:05:42.451681
SL00317,ERP,Error,Critical,2025-01-01 05:03:25.058991
SL00318,Network,Update,High,2024-05-08 22:03:57.751148
SL00319,ERP,Logout,Medium,2025-08-04 13:54:34.681288
SL00320,ERP,Update,Low,2024-02-24 23:09:27.999577
SL00321,ERP,Login,Critical,2025-02-28 01:42:31.154023
SL00322,CRM,Update,Low,2025-03-19 23:55:49.569994
SL00323,CRM,Error,Critical,2024-03-27 19:29:57.353406
SL00324,CRM,Update,Medium,2025-07-16 16:14:27.044997
SL00325,CRM,Login,High,2024-07-08 12:22:36.431305
SL00326,InternalApp,Error,Low,2023-10-26 20:30:26.633305
SL00327,InternalApp,Logout,Medium,2024-01-05 02:39:44.195789
SL00328,CRM,Login,Medium,2025-06-03 15:10:41.269644
SL00329,InternalApp,Update,Critical,2024-06-09 13:14:21.293726
SL00330,CRM,Update,Critical,2025-07-12 21:56:47.648107
SL00331,ERP,Update,Medium,2024-03-31 10:04:43.103568
SL00332,Network,Login,Low,2023-10-07 02:26:01.105000
SL00333,CRM,Error,High,2025-06-28 18:19:57.934876
SL00334,ERP,Login,Medium,2024-08-13 06:14:46.527101
SL00335,CRM,Update,Critical,2023-11-16 05:08:28.012133
SL00336,Network,Error,Critical,2024-11-15 06:38:47.047512
SL00337,CRM,Error,High,2025-02-15 15:21:17.176231
SL00338,CRM,Access,High,2024-09-27 11:26:20.023256
SL00339,CRM,Error,Low,2025-03-09 21:29:41.554665
SL00340,CRM,Update,Medium,2025-05-08 18:25:29.019733
SL00341,InternalApp,Update,Medium,2024-08-16 19:07:09.561127
SL00342,CRM,Logout,Low,2023-10-28 06:21:56.331755
SL00343,CRM,Login,High,2025-02-01 14:44:15.307140
SL00344,InternalApp,Error,Critical,2023-11-27 22:58:46.086274
SL00345,InternalApp,Error,High,2025-07-15 17:33:57.183350
SL00346,ERP,Logout,Low,2024-07-20 19:07:43.386936
SL00347,ERP,Logout,Critical,2025-08-30 23:00:05.730806
SL00348,InternalApp,Login,Low,2024-03-17 03:55:07.561154
SL00349,InternalApp,Logout,Low,2025-08-16 02:24:20.322447
SL00350,InternalApp,Logout,Critical,2024-09-22 11:04:28.657073
SL00351,InternalApp,Access,Critical,2024-07-30 20:52:34.620192
SL00352,CRM,Error,Low,2024-03-23 06:54:41.502097
SL00353,CRM,Logout,Low,2024-01-25 10:20:04.354099
SL00354,CRM,Error,Low,2024-11-23 08:20:48.493917
SL00355,ERP,Update,Low,2025-06-15 09:00:23.033839
SL00356,InternalApp,Logout,Critical,2024-09-10 03:18:29.680052
SL00357,ERP,Login,Critical,2023-11-04 21:26:57.916886
SL00358,ERP,Access,Critical,2024-03-19 02:42:22.626382
SL00359,InternalApp,Login,High,2025-08-18 19:12:17.066245
SL00360,Network,Update,Critical,2025-06-02 12:03:08.007036
SL00361,ERP,Error,Low,2024-01-17 06:11:09.560050
SL00362,ERP,Access,Critical,2025-04-15 08:33:00.004274
SL00363,CRM,Error,Low,2025-05-08 15:23:18.266641
SL00364,ERP,Error,High,2025-06-15 01:56:54.010571
SL00365,InternalApp,Error,Medium,2024-08-31 03:33:48.734228
SL00366,InternalApp,Error,Medium,2024-11-06 02:38:16.028637
SL00367,Network,Logout,Medium,2024-09-07 18:36:35.256309
SL00368,CRM,Login,Medium,2025-08-10 12:29:59.993958
SL00369,Network,Login,High,2024-05-08 15:47:00.606777
SL00370,ERP,Access,Low,2024-07-11 03:40:33.181169
SL00371,ERP,Access,Critical,2024-10-29 20:57:08.689653
SL00372,Network,Logout,Low,2025-04-28 10:20:23.771204
SL00373,ERP,Error,Critical,2024-05-05 13:15:38.606735
SL00374,ERP,Logout,Critical,2023-10-19 01:13:26.918252
SL00375,CRM,Error,High,2023-10-10 14:47:05.852552
SL00376,Network,Logout,Low,2025-06-12 20:58:18.478051
SL00377,InternalApp,Error,Medium,2025-02-12 23:57:24.370950
SL00378,Network,Logout,High,2024-06-14 21:48:46.482251
SL00379,Network,Login,Medium,2024-04-20 05:30:27.476922
SL00380,ERP,Access,High,2025-04-06 20:17:55.037291
SL00381,CRM,Logout,High,2025-05-22 11:15:24.350654
SL00382,Network,Access,Critical,2024-09-15 15:05:20.005680
SL00383,InternalApp,Logout,Critical,2025-05-12 02:25:59.140704
SL00384,CRM,Access,Medium,2025-03-20 21:33:05.608146
SL00385,CRM,Error,Critical,2024-12-15 04:17:11.385538
SL00386,CRM,Login,Critical,2024-09-29 05:01:26.625600
SL00387,ERP,Logout,Low,2025-08-22 21:44:13.365609
SL00388,InternalApp,Error,Critical,2023-10-25 23:11:11.735785
SL00389,Network,Error,High,2024-08-01 04:41:48.821187
SL00390,CRM,Error,Medium,2025-08-24 20:42:31.355797
SL00391,InternalApp,Logout,Critical,2025-02-03 13:44:49.790715
SL00392,InternalApp,Access,Medium,2024-10-25 17:30:25.101549
SL00393,InternalApp,Login,High,2023-10-08 11:38:36.059100
SL00394,ERP,Access,Low,2025-02-27 02:43:15.732242
SL00395,InternalApp,Login,Medium,2025-08-10 08:57:57.856049
SL00396,CRM,Error,Low,2024-07-18 18:48:22.414412
SL00397,InternalApp,Access,Low,2025-09-15 18:48:47.892083
SL00398,Network,Logout,Low,2024-03-25 08:22:12.999418
SL00399,Network,Error,Low,2025-07-24 19:52:05.643937
SL00400,InternalApp,Logout,Critical,2024-08-28 14:13:33.690422
SL00401,InternalApp,Logout,High,2024-02-13 14:41:39.093822
SL00402,InternalApp,Update,High,2025-01-08 20:50:01.807754
SL00403,InternalApp,Access,High,2023-11-10 13:57:25.205003
SL00404,ERP,Login,High,2025-05-31 08:47:54.453072
SL00405,InternalApp,Update,Medium,2025-01-13 06:22:35.795683
SL00406,CRM,Login,High,2024-11-12 07:13:39.313863
SL00407,ERP,Update,Low,2024-08-09 04:02:19.575312
SL00408,CRM,Logout,Low,2025-03-05 10:25:04.174653
SL00409,CRM,Logout,Critical,2025-08-08 17:11:43.700269
SL00410,CRM,Access,Low,2025-04-24 02:14:52.010197
SL00411,InternalApp,Logout,High,2025-02-28 02:57:09.540305
SL00412,ERP,Login,High,2023-11-28 10:44:36.132810
SL00413,Network,Error,High,2024-04-17 19:31:27.206517
SL00414,ERP,Login,Medium,2025-02-02 03:04:57.409967
SL00415,ERP,Access,Medium,2024-01-18 08:13:17.610935
SL00416,ERP,Update,Low,2025-01-30 17:04:36.691766
SL00417,InternalApp,Access,Critical,2024-12-11 03:09:34.005488
SL00418,InternalApp,Error,Medium,2024-12-14 20:32:33.462196
SL00419,Network,Access,Medium,2025-09-27 02:13:06.616461
SL00420,Network,Error,Medium,2023-12-19 15:07:42.201259
SL00421,InternalApp,Logout,Critical,2023-12-21 00:44:58.141999
SL00422,Network,Login,Critical,2024-08-05 12:49:17.522913
SL00423,InternalApp,Login,Critical,2024-10-11 22:35:04.802924
SL00424,ERP,Error,Critical,2024-02-15 09:44:34.002904
SL00425,Network,Update,Medium,2023-10-18 08:31:26.927103
SL00426,ERP,Update,Critical,2024-10-05 22:21:36.534269
SL00427,Network,Update,Low,2024-06-05 15:34:34.926877
SL00428,CRM,Update,Critical,2025-09-23 23:20:20.738505
SL00429,Network,Error,Medium,2024-05-12 23:36:02.021327
SL00430,ERP,Login,Low,2025-01-22 19:46:10.749977
SL00431,CRM,Login,High,2023-11-17 04:43:04.611619
SL00432,Network,Error,Critical,2024-03-31 22:08:10.203207
SL00433,CRM,Logout,Critical,2024-03-24 01:36:16.552149
SL00434,CRM,Login,Critical,2024-11-25 20:37:31.003940
SL00435,CRM,Error,High,2025-05-19 14:16:50.859471
SL00436,CRM,Login,Low,2023-10-08 21:31:00.700668
SL00437,Network,Logout,Medium,2025-05-14 20:31:53.840330
SL00438,InternalApp,Update,Low,2024-08-25 17:49:32.662330
SL00439,InternalApp,Access,Critical,2024-09-11 01:10:39.464053
SL00440,ERP,Access,Medium,2025-01-28 03:14:50.474810
SL00441,InternalApp,Error,High,2023-12-12 05:08:08.963312
SL00442,InternalApp,Login,Critical,2025-06-06 04:34:34.803468
SL00443,ERP,Access,High,2024-09-08 09:17:00.055896
SL00444,ERP,Error,Medium,2024-01-01 17:26:05.442720
SL00445,CRM,Login,Medium,2024-10-04 06:18:48.440463
SL00446,CRM,Error,High,2024-05-17 07:37:21.874931
SL00447,ERP,Logout,Low,2025-09-08 21:00:15.919487
SL00448,InternalApp,Update,Low,2024-07-06 17:11:46.049133
SL00449,ERP,Login,Critical,2024-04-02 13:03:17.503791
SL00450,Network,Update,Medium,2024-04-16 20:02:23.228614
SL00451,InternalApp,Update,Critical,2024-03-07 14:17:56.387775
SL00452,Network,Logout,Medium,2024-05-23 19:41:30.352341
SL00453,Network,Access,Medium,2024-09-12 17:34:57.026665
SL00454,InternalApp,Update,Critical,2024-08-14 21:51:36.766715
SL00455,InternalApp,Access,High,2024-06-22 06:38:27.405614
SL00456,ERP,Logout,High,2024-12-18 00:50:27.454361
SL00457,ERP,Logout,Low,2024-04-15 12:57:21.686244
SL00458,InternalApp,Error,Critical,2024-11-25 07:10:39.780024
SL00459,ERP,Update,Medium,2025-08-18 01:56:35.306108
SL00460,ERP,Login,Critical,2024-12-27 02:57:53.599022
SL00461,ERP,Login,Medium,2023-11-09 14:09:04.867239
SL00462,Network,Logout,Critical,2024-08-05 07:44:07.797135
SL00463,Network,Logout,Low,2024-09-15 22:32:42.381766
SL00464,CRM,Access,High,2024-06-28 11:29:12.369811
SL00465,InternalApp,Error,Low,2024-06-07 13:40:29.543215
SL00466,InternalApp,Access,Medium,2025-02-10 17:59:07.168574
SL00467,Network,Update,Low,2023-12-30 05:05:51.172885
SL00468,Network,Update,High,2024-08-25 07:55:33.295439
SL00469,Network,Update,Low,2023-10-30 00:52:48.631477
SL00470,Network,Access,High,2024-04-25 02:32:24.715198
SL00471,ERP,Update,Low,2024-02-28 06:34:59.880996
SL00472,Network,Error,High,2024-11-13 10:53:33.502886
SL00473,Network,Access,Critical,2025-06-09 12:07:59.888580
SL00474,Network,Update,Critical,2025-06-04 23:35:10.948291
SL00475,CRM,Logout,Low,2024-09-09 05:22:43.342349
SL00476,Network,Error,Medium,2024-10-13 03:48:41.669740
SL00477,CRM,Error,Critical,2023-11-03 11:49:23.523837
SL00478,CRM,Error,High,2025-03-19 23:57:07.589059
SL00479,CRM,Login,Low,2024-03-24 20:24:29.491308
SL00480,InternalApp,Error,Low,2025-09-17 20:23:47.179879
SL00481,InternalApp,Error,Low,2024-08-03 15:07:37.155868
SL00482,ERP,Update,High,2024-11-12 09:38:05.074282
SL00483,InternalApp,Login,High,2024-09-25 22:46:00.046316
SL00484,Network,Access,High,2024-02-06 03:40:51.745183
SL00485,CRM,Login,Medium,2024-05-04 23:49:53.348448
SL00486,Network,Login,High,2024-09-28 03:29:23.412242
SL00487,Network,Logout,High,2024-04-26 20:29:39.980298
SL00488,CRM,Logout,Medium,2023-10-11 11:40:33.848221
SL00489,Network,Error,Medium,2024-07-02 19:45:30.328332
SL00490,ERP,Logout,High,2024-02-19 02:39:11.910674
SL00491,InternalApp,Login,Low,2024-11-18 02:39:39.089701
SL00492,InternalApp,Error,High,2024-07-03 22:46:11.423716
SL00493,CRM,Access,Medium,2025-08-25 19:41:31.020382
SL00494,InternalApp,Login,High,2024-05-02 01:16:31.569457
SL00495,CRM,Update,Critical,2025-09-09 06:36:10.208682
SL00496,InternalApp,Logout,Critical,2024-10-01 22:00:20.585215
SL00497,CRM,Error,High,2023-10-13 09:51:00.203015
SL00498,CRM,Login,Low,2025-06-29 17:27:49.128494
SL00499,InternalApp,Logout,Low,2024-10-18 19:16:45.550262
SL00500,InternalApp,Login,Critical,2025-03-20 18:00:43.005410
SL00501,CRM,Update,High,2024-12-22 08:09:55.419948
SL00502,Network,Login,High,2023-12-26 08:50:25.654884
SL00503,ERP,Login,High,2024-04-03 12:04:14.153275
SL00504,Network,Access,Medium,2024-05-26 13:44:01.301556
SL00505,Network,Logout,Low,2024-08-30 18:15:07.119691
SL00506,InternalApp,Logout,Medium,2025-07-12 07:32:33.390517
SL00507,Network,Logout,High,2025-09-29 06:23:11.554817
SL00508,CRM,Error,Medium,2023-12-03 12:09:11.421443
SL00509,InternalApp,Login,Critical,2024-07-17 20:35:30.247692
SL00510,ERP,Login,Low,2023-10-28 16:26:54.314324
SL00511,ERP,Login,High,2025-04-22 15:17:31.981939
SL00512,Network,Error,High,2024-01-03 00:17:10.769045
SL00513,ERP,Update,Critical,2024-04-06 01:35:20.798987
SL00514,CRM,Login,Critical,2024-03-18 07:34:53.491297
SL00515,Network,Error,Critical,2024-01-16 15:56:19.129659
SL00516,Network,Logout,High,2025-04-25 03:00:23.900913
SL00517,InternalApp,Login,Medium,2023-10-17 04:41:09.245707
SL00518,ERP,Login,Low,2024-08-04 03:08:06.016796
SL00519,ERP,Logout,Low,2023-11-29 06:55:16.853827
SL00520,CRM,Update,Critical,2025-06-06 10:10:31.831392
SL00521,InternalApp,Access,Low,2024-06-11 01:07:43.194238
SL00522,CRM,Error,Critical,2024-06-18 14:10:35.686266
SL00523,ERP,Logout,Critical,2024-11-23 08:16:25.780244
SL00524,CRM,Logout,Medium,2025-07-28 18:10:32.344479
SL00525,InternalApp,Update,Low,2025-09-15 16:54:01.461738
SL00526,InternalApp,Logout,Medium,2024-04-07 12:06:36.055755
SL00527,Network,Logout,High,2024-12-25 09:32:47.586058
SL00528,CRM,Update,High,2024-11-01 04:56:43.671367
SL00529,CRM,Login,Critical,2024-02-20 15:36:47.536335
SL00530,InternalApp,Login,Low,2024-09-21 14:24:45.355636
SL00531,CRM,Login,Medium,2024-12-29 07:39:26.210749
SL00532,ERP,Update,Medium,2024-01-21 03:35:03.055255
SL00533,ERP,Access,Medium,2024-01-07 13:33:03.730248
SL00534,CRM,Error,Critical,2024-08-08 22:31:48.345512
SL00535,CRM,Logout,Low,2025-02-12 03:53:23.301457
SL00536,ERP,Access,High,2024-07-19 05:54:59.226554
SL00537,Network,Logout,Low,2024-02-27 10:07:58.402375
SL00538,CRM,Logout,High,2025-07-29 04:17:51.142369
SL00539,ERP,Logout,Medium,2025-07-20 02:18:33.113803
SL00540,InternalApp,Error,Medium,2025-06-29 05:54:25.095863
SL00541,ERP,Logout,Medium,2024-06-11 12:58:56.621259
SL00542,Network,Logout,High,2024-10-28 23:14:39.892851
SL00543,CRM,Error,Medium,2023-12-10 20:12:09.488346
SL00544,CRM,Update,Critical,2024-12-02 04:06:55.579977
SL00545,InternalApp,Login,Low,2025-04-08 17:46:32.165709
SL00546,Network,Login,Low,2024-08-18 14:58:03.666720
SL00547,CRM,Logout,Critical,2024-07-04 10:10:06.127346
SL00548,Network,Logout,Low,2025-06-09 02:46:57.670303
SL00549,ERP,Access,Critical,2024-07-11 04:24:16.908352
SL00550,Network,Access,High,2024-05-08 03:57:31.251212
SL00551,InternalApp,Logout,High,2023-12-31 03:09:51.409131
SL00552,InternalApp,Login,Critical,2024-05-25 00:16:35.941842
SL00553,ERP,Login,Low,2024-02-27 10:19:26.903972
SL00554,CRM,Logout,Low,2024-06-28 18:57:56.205188
SL00555,InternalApp,Update,High,2024-11-30 09:44:51.789136
SL00556,InternalApp,Update,High,2025-04-04 00:42:58.295552
SL00557,InternalApp,Login,High,2024-09-30 22:20:05.357794
SL00558,CRM,Login,Medium,2025-08-14 23:19:06.371433
SL00559,InternalApp,Update,High,2024-04-14 06:37:49.077138
SL00560,ERP,Update,Low,2025-07-15 08:07:38.516300
SL00561,ERP,Access,High,2025-01-17 04:22:56.822716
SL00562,Network,Update,Critical,2025-04-06 17:30:34.669427
SL00563,InternalApp,Access,Critical,2024-11-04 19:57:03.649430
SL00564,CRM,Logout,High,2025-09-29 20:59:29.318002
SL00565,CRM,Logout,Low,2025-05-16 10:39:02.410025
SL00566,InternalApp,Logout,High,2025-08-28 11:02:44.907828
SL00567,Network,Access,Low,2025-07-06 19:39:27.350802
SL00568,ERP,Login,High,2025-09-18 04:54:54.827819
SL00569,Network,Logout,Medium,2024-10-30 03:11:28.391189
SL00570,ERP,Login,Critical,2023-12-06 08:15:11.141894
SL00571,InternalApp,Error,Low,2025-06-09 00:51:15.701168
SL00572,ERP,Access,Critical,2024-12-23 06:44:09.001136
SL00573,Network,Update,Critical,2025-03-11 16:28:51.330158
SL00574,CRM,Logout,High,2025-05-16 03:23:32.252978
SL00575,CRM,Logout,Low,2024-01-18 19:04:37.219313
SL00576,ERP,Access,Critical,2024-05-04 07:48:53.248882
SL00577,CRM,Access,Medium,2025-10-05 12:36:35.780427
SL00578,Network,Error,Low,2025-01-17 13:19:53.899464
SL00579,ERP,Logout,Critical,2024-08-08 02:21:35.126889
SL00580,ERP,Access,High,2023-12-20 21:07:32.186713
SL00581,CRM,Access,Medium,2024-10-03 05:37:16.554660
SL00582,Network,Access,Low,2024-12-07 11:11:40.740935
SL00583,CRM,Access,Critical,2024-05-26 07:52:23.651185
SL00584,CRM,Logout,Critical,2025-05-23 03:35:23.394233
SL00585,CRM,Logout,Medium,2024-05-10 22:18:19.305786
SL00586,CRM,Access,Critical,2025-05-31 19:10:27.801293
SL00587,InternalApp,Error,Medium,2025-02-20 03:28:10.628549
SL00588,InternalApp,Login,Medium,2025-08-24 07:56:14.083418
SL00589,ERP,Update,Medium,2024-06-11 22:07:35.055198
SL00590,ERP,Logout,High,2024-01-18 12:08:21.347710
SL00591,ERP,Access,High,2025-02-21 05:45:10.191927
SL00592,Network,Login,Critical,2025-06-21 23:14:35.193638
SL00593,Network,Access,Critical,2025-01-07 22:58:55.741857
SL00594,Network,Login,Medium,2024-12-25 08:48:46.313196
SL00595,CRM,Error,High,2025-01-17 11:31:21.384797
SL00596,InternalApp,Logout,Low,2025-06-24 22:14:27.703257
SL00597,CRM,Error,Medium,2024-02-04 23:06:09.492967
SL00598,ERP,Error,Critical,2023-11-27 00:43:20.153897
SL00599,CRM,Error,Critical,2025-01-12 12:12:05.634786
SL00600,ERP,Access,Medium,2025-07-08 07:53:11.626067
SL00601,CRM,Update,Medium,2024-04-07 09:47:28.115978
SL00602,ERP,Access,Medium,2023-10-23 11:38:19.407047
SL00603,InternalApp,Login,Medium,2025-06-03 11:36:02.312790
SL00604,ERP,Logout,Medium,2025-05-23 02:49:30.001971
SL00605,CRM,Login,Critical,2023-10-29 02:18:49.659377
SL00606,InternalApp,Update,Low,2024-06-07 16:59:05.956307
SL00607,CRM,Login,Critical,2024-11-28 02:42:27.462430
SL00608,ERP,Login,Medium,2024-11-19 08:55:19.627947
SL00609,InternalApp,Error,Low,2025-04-07 07:30:49.294103
SL00610,Network,Login,Medium,2024-02-27 20:35:18.901932
SL00611,InternalApp,Login,Critical,2025-03-04 12:08:04.033413
SL00612,CRM,Access,Critical,2024-12-15 21:19:57.711704
SL00613,ERP,Logout,High,2024-03-05 14:00:02.775543
SL00614,Network,Update,Low,2024-04-22 20:31:50.246207
SL00615,ERP,Logout,Medium,2024-09-10 06:22:43.532367
SL00616,Network,Access,Low,2024-07-28 05:14:37.005632
SL00617,Network,Error,Low,2025-01-18 07:13:20.032083
SL00618,CRM,Login,High,2025-03-11 02:37:11.683604
SL00619,ERP,Login,Critical,2024-09-12 06:56:17.067325
SL00620,CRM,Logout,Critical,2023-12-11 12:31:49.700538
SL00621,ERP,Logout,Critical,2025-05-05 16:35:21.473253
SL00622,InternalApp,Error,Medium,2025-05-03 21:45:01.207700
SL00623,CRM,Login,Medium,2023-12-23 09:28:30.284086
SL00624,Network,Update,High,2023-10-20 23:23:33.450932
SL00625,CRM,Access,Medium,2025-03-23 00:47:02.249848
SL00626,Network,Logout,Low,2024-06-14 19:08:16.044024
SL00627,Network,Login,Critical,2025-02-28 21:01:01.526632
SL00628,ERP,Error,Low,2024-03-09 10:56:12.940840
SL00629,InternalApp,Update,Critical,2024-08-23 19:51:22.542814
SL00630,CRM,Login,High,2025-04-22 12:05:34.322448
SL00631,ERP,Logout,Low,2025-07-08 12:08:14.315614
SL00632,CRM,Access,High,2023-11-02 09:59:21.930711
SL00633,InternalApp,Update,Low,2023-12-17 12:40:19.839065
SL00634,CRM,Update,Critical,2024-12-13 00:52:06.853823
SL00635,InternalApp,Logout,High,2024-12-10 10:44:25.693500
SL00636,CRM,Login,Medium,2025-05-11 23:34:03.457623
SL00637,Network,Logout,Low,2024-08-06 19:50:51.253676
SL00638,ERP,Logout,Low,2025-09-13 04:12:08.399331
SL00639,CRM,Update,Medium,2024-10-09 18:18:25.187329
SL00640,Network,Error,Medium,2025-06-09 03:04:45.030547
SL00641,Network,Logout,Critical,2024-02-05 05:19:22.349722
SL00642,CRM,Access,Medium,2023-11-14 10:09:36.487468
SL00643,CRM,Error,High,2025-02-16 14:25:20.276554
SL00644,CRM,Error,Medium,2024-04-22 16:25:08.097211
SL00645,Network,Update,Low,2024-05-13 06:34:09.966427
SL00646,CRM,Error,Low,2025-03-10 00:53:41.826242
SL00647,InternalApp,Error,High,2024-08-16 16:44:35.835939
SL00648,Network,Error,Medium,2025-05-11 05:57:05.596759
SL00649,Network,Access,High,2024-04-07 19:40:34.029286
SL00650,InternalApp,Error,Medium,2024-08-06 20:26:42.685754
SL00651,InternalApp,Login,Medium,2023-12-26 20:28:53.292842
SL00652,ERP,Login,Low,2024-05-05 16:29:56.766734
SL00653,Network,Update,High,2024-05-15 11:56:17.897408
SL00654,InternalApp,Logout,Critical,2025-04-21 23:03:00.919577
SL00655,ERP,Logout,Critical,2025-05-19 01:12:23.760242
SL00656,ERP,Update,Critical,2024-03-14 03:36:12.072904
SL00657,CRM,Update,Low,2025-02-24 21:09:42.242595
SL00658,InternalApp,Error,Critical,2024-02-07 12:19:46.767986
SL00659,InternalApp,Access,Low,2025-05-27 16:11:22.110473
SL00660,Network,Update,Low,2024-10-18 05:10:04.173221
SL00661,ERP,Login,Low,2025-03-06 03:58:18.578660
SL00662,InternalApp,Update,Low,2025-06-22 01:16:58.243089
SL00663,InternalApp,Access,Low,2024-10-06 03:54:20.971635
SL00664,ERP,Login,Medium,2024-03-28 12:07:19.721069
SL00665,InternalApp,Access,High,2025-09-04 13:33:25.842652
SL00666,Network,Error,Medium,2025-05-20 12:21:08.050591
SL00667,InternalApp,Error,High,2025-03-12 15:13:19.725974
SL00668,InternalApp,Error,High,2023-11-11 17:44:58.623517
SL00669,ERP,Error,Medium,2024-10-27 08:30:24.665009
SL00670,Network,Logout,High,2025-03-05 13:43:04.673233
SL00671,Network,Logout,Medium,2024-12-30 16:21:53.222543
SL00672,ERP,Access,Critical,2024-12-18 04:35:14.393789
SL00673,CRM,Access,Low,2025-01-14 11:16:53.611834
SL00674,InternalApp,Login,Medium,2023-11-20 11:52:31.337887
SL00675,InternalApp,Error,Low,2025-08-20 01:47:36.361316
SL00676,InternalApp,Access,Medium,2024-08-02 02:48:13.026690
SL00677,InternalApp,Access,Low,2025-07-02 00:33:35.353399
SL00678,CRM,Access,Low,2024-11-03 12:32:05.273416
SL00679,CRM,Update,High,2024-05-17 15:39:16.087370
SL00680,ERP,Access,Medium,2025-01-30 14:13:15.299529
SL00681,CRM,Login,Critical,2025-03-29 14:54:47.443745
SL00682,Network,Logout,Low,2024-07-16 01:03:08.639801
SL00683,CRM,Access,High,2025-01-02 15:56:33.602076
SL00684,Network,Error,High,2025-09-08 15:36:02.494461
SL00685,Network,Error,High,2024-10-27 02:48:58.331574
SL00686,Network,Update,Low,2024-03-21 14:10:39.401335
SL00687,InternalApp,Access,Critical,2024-07-08 12:06:35.669242
SL00688,Network,Error,Critical,2024-05-15 22:13:41.368976
SL00689,ERP,Logout,Medium,2023-12-15 14:04:26.913739
SL00690,ERP,Error,Low,2025-10-01 00:35:46.304875
SL00691,ERP,Logout,Medium,2024-09-26 21:19:13.502282
SL00692,InternalApp,Update,High,2025-09-02 18:26:48.246450
SL00693,ERP,Login,Medium,2024-08-27 17:10:17.150115
SL00694,ERP,Logout,High,2024-05-15 06:49:59.806116
SL00695,CRM,Logout,High,2025-03-17 03:25:40.971400
SL00696,ERP,Login,Medium,2023-12-27 10:43:00.580748
SL00697,InternalApp,Update,Medium,2025-07-06 02:54:25.229486
SL00698,ERP,Error,Critical,2025-03-08 12:05:22.658891
SL00699,ERP,Error,Medium,2024-07-22 07:18:39.795319
SL00700,ERP,Access,Low,2024-12-10 19:31:02.760041
SL00701,CRM,Login,Low,2025-05-16 13:26:28.541328
SL00702,Network,Access,Medium,2023-10-10 21:17:29.536177
SL00703,Network,Logout,Medium,2024-06-12 10:42:27.756687
SL00704,InternalApp,Access,Medium,2023-12-02 01:14:15.150846
SL00705,Network,Error,Low,2024-04-04 23:58:27.643342
SL00706,ERP,Error,Critical,2025-07-30 11:50:40.250638
SL00707,ERP,Access,High,2025-03-25 20:58:09.156727
SL00708,ERP,Update,Low,2024-06-11 07:23:42.840348
SL00709,ERP,Error,Critical,2025-04-09 08:37:57.484855
SL00710,InternalApp,Error,Critical,2024-01-26 22:13:43.067771
SL00711,ERP,Update,Critical,2024-03-04 21:12:29.655884
SL00712,InternalApp,Login,High,2024-10-14 19:28:16.445225
SL00713,InternalApp,Login,High,2024-10-19 07:23:43.177449
SL00714,Network,Login,Low,2024-01-25 10:15:43.513704
SL00715,InternalApp,Error,High,2025-03-31 12:54:07.680358
SL00716,Network,Error,High,2024-01-31 10:17:20.314063
SL00717,Network,Error,Critical,2023-12-08 20:46:48.648554
SL00718,Network,Update,Low,2025-01-31 00:01:17.539388
SL00719,InternalApp,Logout,High,2025-02-17 19:26:49.158050
SL00720,CRM,Update,Medium,2024-05-18 04:43:31.209542
SL00721,Network,Update,High,2023-10-30 00:54:07.088539
SL00722,InternalApp,Error,Medium,2025-02-13 02:13:57.733403
SL00723,Network,Login,Low,2024-07-03 00:48:26.510051
SL00724,CRM,Error,Low,2025-04-29 15:30:13.728949
SL00725,ERP,Error,High,2024-09-15 16:44:08.775912
SL00726,ERP,Login,Medium,2024-02-05 03:48:52.652242
SL00727,CRM,Update,High,2024-04-14 09:05:22.229344
SL00728,CRM,Error,Low,2024-03-29 20:02:12.738456
SL00729,Network,Access,Medium,2025-09-27 08:33:50.864663
SL00730,CRM,Logout,Critical,2024-08-22 06:25:28.269200
SL00731,InternalApp,Update,Critical,2025-06-06 02:16:12.135101
SL00732,CRM,Access,Medium,2024-02-12 22:14:40.600366
SL00733,ERP,Logout,Medium,2024-07-31 04:02:47.795572
SL00734,Network,Access,Critical,2025-08-15 01:48:18.047516
SL00735,CRM,Update,High,2024-12-17 03:40:02.907046
SL00736,CRM,Logout,Medium,2025-06-24 14:42:34.662598
SL00737,CRM,Login,High,2025-04-28 17:49:06.355520
SL00738,ERP,Access,Medium,2024-02-04 09:34:50.561221
SL00739,Network,Logout,High,2023-10-24 17:09:23.886943
SL00740,Network,Login,Low,2024-05-03 02:25:21.373448
SL00741,CRM,Logout,Critical,2024-10-12 08:30:56.139089
SL00742,InternalApp,Update,Medium,2025-05-04 04:21:29.752802
SL00743,ERP,Login,High,2024-12-18 15:09:32.967436
SL00744,ERP,Error,Low,2025-07-25 12:58:32.021991
SL00745,InternalApp,Logout,Medium,2024-01-31 13:48:48.612021
SL00746,InternalApp,Update,Critical,2024-10-03 23:40:12.064512
SL00747,Network,Update,Critical,2024-10-14 18:47:22.195108
SL00748,ERP,Error,High,2025-02-24 19:57:39.591961
SL00749,ERP,Login,Medium,2024-10-23 04:37:12.748697
SL00750,Network,Logout,Critical,2024-06-09 06:27:17.012190
SL00751,CRM,Login,Medium,2024-12-10 21:45:34.085478
SL00752,CRM,Login,Medium,2024-07-26 08:50:47.028426
SL00753,Network,Error,High,2024-12-06 17:59:41.588667
SL00754,Network,Update,Low,2024-04-25 10:59:18.938400
SL00755,CRM,Error,High,2025-01-13 00:47:06.310893
SL00756,CRM,Login,Medium,2025-04-30 17:36:39.528572
SL00757,CRM,Access,Medium,2024-02-12 17:40:41.393726
SL00758,InternalApp,Error,Low,2024-04-07 18:09:30.518051
SL00759,CRM,Error,Critical,2024-09-14 05:50:07.422805
SL00760,Network,Login,Low,2024-05-09 20:50:55.438941
SL00761,CRM,Logout,Critical,2024-03-30 16:46:11.742448
SL00762,InternalApp,Login,High,2024-10-19 20:12:44.373614
SL00763,CRM,Error,Critical,2025-04-05 20:39:56.998190
SL00764,InternalApp,Login,Low,2025-01-21 05:39:26.762661
SL00765,Network,Access,High,2025-04-13 00:34:44.841681
SL00766,InternalApp,Error,Low,2024-08-13 00:28:23.848404
SL00767,Network,Logout,Low,2023-11-24 21:49:43.341717
SL00768,InternalApp,Update,Critical,2024-01-04 04:03:58.480635
SL00769,Network,Access,High,2025-05-18 22:31:18.041459
SL00770,CRM,Error,High,2024-01-02 17:15:20.619326
SL00771,ERP,Update,Medium,2024-11-01 06:07:16.514437
SL00772,ERP,Login,High,2023-11-07 17:52:45.642033
SL00773,CRM,Access,Medium,2025-08-06 00:22:05.725134
SL00774,InternalApp,Update,Critical,2024-11-23 22:09:03.917008
SL00775,Network,Access,Medium,2025-03-15 16:20:15.864903
SL00776,InternalApp,Error,High,2024-04-05 06:36:47.863128
SL00777,CRM,Logout,Low,2024-01-06 04:54:28.641181
SL00778,Network,Access,Critical,2024-06-04 13:56:14.869295
SL00779,InternalApp,Login,Critical,2025-05-02 10:48:41.216117
SL00780,CRM,Error,Medium,2024-02-11 08:08:40.149506
SL00781,ERP,Login,Low,2023-11-28 06:29:47.579146
SL00782,ERP,Login,High,2023-10-22 04:48:39.486900
SL00783,ERP,Error,Low,2025-01-06 20:42:13.324676
SL00784,Network,Logout,Medium,2024-06-27 10:53:44.216822
SL00785,CRM,Login,Low,2025-05-30 19:58:25.662315
SL00786,InternalApp,Logout,Low,2025-03-14 16:04:57.582762
SL00787,ERP,Login,High,2024-01-16 20:25:20.595470
SL00788,ERP,Login,Medium,2025-02-19 04:36:40.997839
SL00789,ERP,Access,Critical,2024-04-05 14:16:55.826391
SL00790,CRM,Login,Low,2024-04-12 15:35:05.949800
SL00791,CRM,Update,Critical,2023-10-24 21:46:57.095869
SL00792,ERP,Error,Critical,2024-01-29 17:05:14.718734
SL00793,ERP,Access,Critical,2024-11-11 07:24:20.450138
SL00794,Network,Access,Low,2024-08-12 23:44:22.076666
SL00795,Network,Login,Medium,2024-08-04 14:04:42.780163
SL00796,InternalApp,Error,High,2023-11-14 15:07:34.728829
SL00797,CRM,Access,Critical,2025-08-29 15:29:12.249106
SL00798,Network,Error,Medium,2024-01-19 21:51:54.252058
SL00799,ERP,Error,Medium,2025-09-09 06:38:35.331041
SL00800,CRM,Update,Medium,2024-03-16 07:30:07.817956
SL00801,ERP,Logout,High,2024-07-22 21:03:08.398219
SL00802,Network,Update,Medium,2025-09-07 16:42:35.704039
SL00803,Network,Access,Low,2025-09-26 02:32:54.525033
SL00804,CRM,Access,Medium,2023-12-17 21:43:50.483256
SL00805,CRM,Login,High,2025-06-06 09:12:16.756533
SL00806,InternalApp,Update,Critical,2025-03-06 11:28:23.230342
SL00807,ERP,Login,Low,2023-12-27 02:06:19.737979
SL00808,ERP,Update,High,2024-06-30 13:15:00.761719
SL00809,Network,Login,Medium,2023-11-10 07:44:00.903305
SL00810,ERP,Login,Critical,2025-01-22 10:37:20.307800
SL00811,ERP,Access,Critical,2024-09-10 18:18:16.117595
SL00812,Network,Logout,Critical,2025-02-25 20:09:39.315323
SL00813,Network,Error,Low,2024-06-19 05:11:22.326665
SL00814,InternalApp,Login,Low,2024-01-13 11:40:08.304692
SL00815,Network,Update,Medium,2024-05-14 16:25:01.964940
SL00816,InternalApp,Update,Low,2025-06-16 13:36:34.888662
SL00817,Network,Logout,Critical,2024-01-12 21:50:54.535084
SL00818,Network,Error,Medium,2024-05-13 03:51:20.082219
SL00819,CRM,Access,Medium,2025-01-17 12:58:20.877833
SL00820,ERP,Login,Critical,2024-01-27 23:49:35.884847
SL00821,ERP,Logout,Critical,2025-03-30 04:55:23.293117
SL00822,InternalApp,Access,High,2023-11-22 11:38:30.388781
SL00823,CRM,Access,Critical,2025-05-08 04:59:34.979489
SL00824,InternalApp,Access,Critical,2024-01-27 22:10:11.059903
SL00825,CRM,Error,Medium,2024-12-02 21:17:44.000895
SL00826,Network,Login,High,2025-07-28 14:06:57.721537
SL00827,CRM,Access,Low,2024-10-24 05:22:17.500266
SL00828,CRM,Error,High,2024-06-01 10:31:40.757094
SL00829,CRM,Access,Critical,2024-12-03 00:35:05.725574
SL00830,ERP,Update,High,2025-01-11 08:12:43.293450
SL00831,Network,Update,Medium,2024-07-20 17:19:59.892531
SL00832,ERP,Error,High,2025-03-25 13:49:56.300668
SL00833,Network,Login,Critical,2025-02-07 08:35:18.770918
SL00834,Network,Error,High,2024-07-11 02:01:38.627575
SL00835,ERP,Logout,Low,2024-08-07 06:24:11.995217
SL00836,Network,Access,Critical,2025-01-23 06:53:05.811014
SL00837,CRM,Access,High,2025-02-16 05:10:21.874745
SL00838,CRM,Update,Critical,2024-02-22 21:40:24.698365
SL00839,InternalApp,Logout,Medium,2025-05-28 15:24:32.683011
SL00840,CRM,Access,High,2024-12-20 02:33:40.168054
SL00841,ERP,Access,Medium,2025-03-16 18:18:20.017641
SL00842,ERP,Logout,High,2024-05-04 18:30:45.888759
SL00843,CRM,Login,High,2023-11-19 19:57:51.970079
SL00844,CRM,Logout,Low,2025-03-04 22:11:07.752804
SL00845,ERP,Update,Critical,2024-06-17 21:18:14.888863
SL00846,CRM,Error,Low,2024-08-09 12:54:29.241605
SL00847,Network,Logout,Low,2024-01-17 16:06:41.941191
SL00848,CRM,Error,High,2024-11-02 22:46:39.361258
SL00849,ERP,Error,Critical,2023-11-04 20:27:57.335869
SL00850,CRM,Access,High,2024-04-18 04:39:48.467753
SL00851,InternalApp,Error,Critical,2025-03-22 14:43:32.183993
SL00852,CRM,Update,Critical,2024-02-26 18:25:15.310311
SL00853,InternalApp,Access,Low,2024-09-25 08:07:10.107170
SL00854,InternalApp,Access,Critical,2024-05-03 17:08:50.731980
SL00855,Network,Logout,Critical,2023-10-11 00:36:57.597848
SL00856,ERP,Error,Low,2024-11-17 15:22:06.196465
SL00857,ERP,Update,Medium,2024-03-17 14:53:23.501939
SL00858,InternalApp,Login,Low,2025-01-25 19:31:16.527196
SL00859,InternalApp,Error,High,2024-04-19 06:14:36.341465
SL00860,Network,Update,Low,2024-07-17 15:41:18.500178
SL00861,InternalApp,Access,Critical,2024-02-20 10:59:21.542177
SL00862,Network,Error,Low,2024-09-30 12:03:33.231463
SL00863,Network,Access,High,2023-11-05 19:33:18.994418
SL00864,CRM,Update,High,2024-12-08 07:38:38.969489
SL00865,InternalApp,Logout,High,2025-02-22 17:02:05.472194
SL00866,Network,Access,High,2025-02-05 22:49:46.272808
SL00867,ERP,Update,Critical,2024-06-08 10:50:10.066269
SL00868,ERP,Logout,High,2024-03-18 04:26:03.629249
SL00869,ERP,Error,Critical,2025-03-23 05:07:57.951669
SL00870,ERP,Logout,High,2024-12-12 07:23:07.426595
SL00871,ERP,Login,Low,2025-05-02 10:50:54.915581
SL00872,CRM,Update,High,2024-01-13 07:41:03.986061
SL00873,ERP,Access,Medium,2024-06-20 07:31:28.366619
SL00874,Network,Update,Low,2024-12-05 04:32:25.208101
SL00875,ERP,Error,High,2024-05-05 05:06:49.926088
SL00876,CRM,Update,Medium,2024-03-11 13:46:22.935417
SL00877,Network,Logout,Critical,2024-03-07 01:54:35.734214
SL00878,Network,Access,Medium,2023-10-20 02:57:58.702100
SL00879,CRM,Error,Critical,2025-02-18 22:43:02.757340
SL00880,CRM,Login,Critical,2023-11-08 20:17:54.641710
SL00881,CRM,Update,High,2023-10-07 11:36:58.367567
SL00882,Network,Logout,Medium,2024-07-09 10:00:38.871302
SL00883,Network,Access,Low,2024-07-07 01:15:16.014106
SL00884,ERP,Error,Critical,2025-01-20 08:28:14.868458
SL00885,CRM,Error,High,2024-10-25 12:24:35.869004
SL00886,Network,Update,Low,2024-11-12 04:57:48.309068
SL00887,ERP,Update,Critical,2025-01-27 12:41:57.831130
SL00888,Network,Login,Critical,2025-07-21 14:45:27.275659
SL00889,Network,Access,Medium,2025-03-15 23:17:16.141591
SL00890,ERP,Logout,Medium,2025-03-28 10:04:18.680205
SL00891,ERP,Error,High,2025-07-29 00:14:09.770096
SL00892,ERP,Logout,High,2025-05-21 17:51:09.528634
SL00893,CRM,Logout,Low,2024-07-24 14:21:47.844799
SL00894,ERP,Error,Critical,2025-03-18 07:53:40.139894
SL00895,ERP,Login,Low,2024-09-18 22:17:33.088178
SL00896,ERP,Access,Low,2024-06-11 18:35:11.981348
SL00897,Network,Error,High,2024-03-01 22:26:50.250555
SL00898,Network,Access,Critical,2023-11-10 14:28:22.991221
SL00899,CRM,Error,Critical,2025-05-08 21:58:42.275161
SL00900,ERP,Login,Critical,2025-06-15 15:32:07.507186
SL00901,InternalApp,Access,Critical,2023-12-08 09:29:13.883548
SL00902,InternalApp,Error,Medium,2023-12-18 07:44:18.407022
SL00903,InternalApp,Access,High,2024-09-16 06:43:44.186519
SL00904,ERP,Update,Low,2025-05-27 18:15:42.838362
SL00905,ERP,Update,High,2023-11-10 02:47:53.181055
SL00906,CRM,Logout,Low,2024-10-12 17:16:57.043934
SL00907,InternalApp,Update,High,2025-07-27 09:01:33.823113
SL00908,CRM,Error,High,2025-05-16 12:51:44.825313
SL00909,InternalApp,Error,Medium,2024-04-03 09:09:14.231591
SL00910,InternalApp,Access,Medium,2024-05-03 23:03:38.900041
SL00911,ERP,Update,Critical,2025-05-10 08:39:10.471985
SL00912,CRM,Error,Low,2023-12-21 17:48:27.761859
SL00913,ERP,Error,High,2024-01-02 11:34:02.095768
SL00914,InternalApp,Update,Critical,2024-03-03 05:52:28.121768
SL00915,Network,Update,High,2024-12-19 19:01:47.444301
SL00916,InternalApp,Update,Medium,2024-01-04 09:48:52.212478
SL00917,ERP,Logout,Low,2023-10-25 10:39:12.588577
SL00918,InternalApp,Login,Medium,2025-06-08 18:42:54.452952
SL00919,CRM,Error,Medium,2023-10-31 12:51:25.863659
SL00920,Network,Logout,Critical,2024-05-11 17:46:53.580701
SL00921,InternalApp,Access,Critical,2024-04-01 15:30:56.044655
SL00922,ERP,Update,Low,2024-05-18 04:58:28.183809
SL00923,CRM,Logout,Medium,2023-11-19 11:01:13.008283
SL00924,Network,Update,Critical,2024-12-26 03:24:01.724727
SL00925,CRM,Login,Low,2024-10-08 15:47:31.202432
SL00926,CRM,Access,High,2025-02-01 14:23:21.488887
SL00927,ERP,Logout,High,2024-04-06 21:11:36.238033
SL00928,ERP,Logout,Medium,2024-05-26 11:59:32.845751
SL00929,ERP,Error,Low,2024-11-14 16:36:19.782166
SL00930,CRM,Error,Low,2023-12-22 06:32:06.882648
SL00931,InternalApp,Error,Critical,2023-12-06 02:38:03.999760
SL00932,CRM,Login,High,2025-01-11 14:35:53.254835
SL00933,ERP,Error,High,2024-02-14 03:36:14.021642
SL00934,Network,Logout,Low,2025-03-24 03:02:26.167144
SL00935,CRM,Logout,Low,2024-12-30 10:58:54.844842
SL00936,CRM,Logout,Critical,2025-02-12 20:11:02.620835
SL00937,ERP,Login,High,2024-05-22 15:30:54.804451
SL00938,ERP,Access,Low,2024-06-04 09:23:58.358371
SL00939,InternalApp,Error,Low,2025-05-04 05:50:54.582286
SL00940,InternalApp,Logout,Low,2025-04-28 09:35:17.445579
SL00941,ERP,Login,High,2024-01-18 21:38:17.457821
SL00942,Network,Access,Medium,2024-08-13 21:34:28.949575
SL00943,CRM,Access,High,2024-11-13 00:24:21.681615
SL00944,Network,Login,Low,2024-11-09 02:23:52.699248
SL00945,ERP,Access,Low,2023-12-31 05:12:30.427723
SL00946,InternalApp,Logout,Medium,2024-11-25 21:31:50.825913
SL00947,InternalApp,Access,Critical,2024-12-09 23:30:54.321629
SL00948,Network,Access,Medium,2024-12-24 11:06:56.303727
SL00949,InternalApp,Update,High,2025-07-20 14:05:59.142284
SL00950,ERP,Update,Critical,2024-04-27 12:28:28.374453
SL00951,ERP,Access,Critical,2024-03-07 03:11:24.032478
SL00952,InternalApp,Update,High,2024-08-28 08:16:38.385685
SL00953,InternalApp,Access,Medium,2025-08-03 13:35:07.682537
SL00954,CRM,Login,Low,2025-04-24 08:40:16.187570
SL00955,ERP,Error,Medium,2023-11-24 00:52:53.783203
SL00956,CRM,Login,Medium,2023-12-21 18:19:16.728128
SL00957,CRM,Access,Medium,2025-02-28 22:31:11.996805
SL00958,InternalApp,Update,Low,2025-07-23 12:47:56.684077
SL00959,Network,Login,High,2025-03-28 02:03:30.837255
SL00960,CRM,Access,Critical,2025-09-02 23:18:34.849703
SL00961,InternalApp,Login,Critical,2024-03-20 17:35:55.320905
SL00962,Network,Login,Low,2025-05-06 20:13:45.520686
SL00963,CRM,Login,Low,2024-12-26 09:08:40.986894
SL00964,InternalApp,Access,Medium,2023-10-12 07:46:58.043615
SL00965,ERP,Login,Low,2024-05-26 13:35:21.067359
SL00966,Network,Error,Medium,2023-11-24 05:33:33.581591
SL00967,Network,Access,High,2024-06-27 06:54:30.725564
SL00968,InternalApp,Access,Critical,2024-10-14 07:03:31.498592
SL00969,CRM,Login,Medium,2024-02-01 19:08:57.977439
SL00970,InternalApp,Access,Low,2025-04-10 13:19:05.186648
SL00971,InternalApp,Access,Low,2024-04-13 11:00:33.691935
SL00972,Network,Update,Low,2025-03-16 08:24:22.251279
SL00973,CRM,Login,Low,2024-12-04 23:58:56.750331
SL00974,ERP,Update,Medium,2024-06-05 16:30:52.993626
SL00975,CRM,Error,Low,2024-04-22 03:22:44.990834
SL00976,ERP,Error,Critical,2025-05-24 08:17:33.628454
SL00977,CRM,Error,Medium,2024-04-24 09:02:00.744236
SL00978,CRM,Logout,Low,2024-12-01 15:35:21.160329
SL00979,CRM,Update,High,2025-06-06 03:10:40.753477
SL00980,Network,Error,Low,2025-07-19 19:30:31.073964
SL00981,ERP,Logout,Medium,2024-10-01 16:49:03.066038
SL00982,CRM,Access,High,2024-03-15 10:43:02.795307
SL00983,InternalApp,Logout,Low,2024-01-21 10:34:34.595254
SL00984,InternalApp,Error,Medium,2025-08-29 23:21:52.869940
SL00985,InternalApp,Login,Medium,2025-04-30 21:52:47.472774
SL00986,Network,Update,Medium,2024-02-29 11:43:34.359281
SL00987,CRM,Access,Low,2023-10-06 20:36:08.814529
SL00988,ERP,Update,Critical,2025-05-10 18:40:42.940701
SL00989,InternalApp,Access,Low,2023-12-25 15:52:28.688090
SL00990,ERP,Access,Medium,2024-02-23 18:48:28.441188
SL00991,ERP,Logout,Medium,2024-02-19 03:08:18.650451
SL00992,Network,Update,High,2023-11-27 07:04:44.538062
SL00993,Network,Logout,High,2025-07-12 14:12:51.130298
SL00994,ERP,Logout,Low,2024-04-11 06:51:55.068649
SL00995,CRM,Logout,Critical,2023-12-31 04:14:59.659297
SL00996,ERP,Access,High,2023-11-23 21:45:13.154002
SL00997,Network,Login,Medium,2025-05-27 00:25:38.024579
SL00998,InternalApp,Error,Medium,2024-09-26 06:13:26.785882
SL00999,InternalApp,Logout,Medium,2024-10-25 08:40:38.087915
SL01000,InternalApp,Error,Critical,2024-01-07 05:49:31.155606
